Song_Id,track_name,artist(s)_name,artist_count,released_year,released_month,released_day,in_spotify_playlists,in_spotify_charts,streams,in_apple_playlists,in_apple_charts,in_deezer_playlists,in_deezer_charts,in_shazam_charts,bpm,key,mode
4137,Seven (feat. Latto) (Explicit Ver.),"Latto, Jung Kook",2,2023,7,14,553,147,141381703.0,43,263,45,10,826.0,125,B,Major
3628,LALA,Myke Towers,1,2023,3,23,1474,48,133716286.0,48,126,58,14,382.0,92,C#,Major
3520,vampire,Olivia Rodrigo,1,2023,6,30,1397,113,140003974.0,94,207,91,14,949.0,138,F,Major
3362,Cruel Summer,Taylor Swift,1,2019,8,23,7858,100,800840817.0,116,207,125,12,548.0,170,A,Major
3914,WHERE SHE GOES,Bad Bunny,1,2025,5,18,3133,50,303236322.0,84,133,87,15,425.0,144,A,Minor
3423,Sprinter,"Dave, Central Cee",2,2023,6,1,2186,91,183706234.0,67,213,88,17,946.0,141,C#,Major
3395,Ella Baila Sola,"Eslabon Armado, Peso Pluma",2,2023,3,16,3090,50,725980112.0,34,222,43,13,418.0,148,F,Minor
2708,Columbia,Quevedo,1,2023,7,7,714,43,58149378.0,25,89,30,13,194.0,100,F,Major
4820,fukumean,Gunna,1,2023,5,15,1096,83,95217315.0,60,210,48,11,953.0,130,C#,Minor
4896,La Bebe - Remix,"Peso Pluma, Yng Lvcas",2,2023,3,17,2953,44,553634067.0,49,110,66,13,339.0,170,D,Minor
3799,un x100to,"Bad Bunny, Grupo Frontera",2,2023,4,17,2876,40,505671438.0,41,205,54,12,251.0,83,F#,Minor
2057,Super Shy,NewJeans,1,2023,7,7,422,55,58255150.0,37,202,21,5,168.0,150,F,Minor
3510,Flowers,Miley Cyrus,1,2023,1,12,12211,115,1316855716.0,300,215,745,58,1021.0,118,Unknown,Major
4275,Daylight,David Kushner,1,2023,4,14,3528,98,387570742.0,80,156,182,24,1281.0,130,D,Minor
4635,As It Was,Harry Styles,1,2022,3,31,23575,130,2513188493.0,403,198,863,46,0.0,174,F#,Minor
3078,Kill Bill,SZA,1,2022,12,8,8109,77,1163093654.0,183,162,161,12,187.0,89,G#,Major
4991,Cupid - Twin Ver.,Fifty Fifty,1,2023,2,24,2942,77,496795686.0,91,212,78,6,0.0,120,B,Minor
3593,"What Was I Made For? [From The Motion Picture ""Barbie""]",Billie Eilish,1,2023,7,13,873,104,30546883.0,80,227,95,24,1173.0,78,Unknown,Major
3122,Classy 101,"Feid, Young Miko",2,2023,3,31,2610,40,335222234.0,43,100,54,14,187.0,100,B,Major
4479,Like Crazy,Jimin,1,2023,3,24,596,68,363369738.0,8,104,23,2,29.0,120,G,Major
2251,LADY GAGA,"Gabito Ballesteros, Junior H, Peso Pluma",3,2023,6,22,332,26,86444842.0,11,163,10,4,0.0,140,F,Minor
4768,I Wanna Be Yours,Arctic Monkeys,1,2013,1,1,12859,110,1297026226.0,24,98,582,2,73.0,135,Unknown,Minor
2457,"Peso Pluma: Bzrp Music Sessions, Vol. 55","Bizarrap, Peso Pluma",2,2023,5,31,1313,40,200647221.0,17,152,32,11,139.0,133,F,Minor
2491,Popular (with Playboi Carti & Madonna) - The Idol Vol. 1 (Music from the HBO Original Series),"The Weeknd, Madonna, Playboi Carti",3,2023,6,2,1945,87,115364561.0,74,182,87,14,1093.0,99,C#,Major
2505,SABOR FRESA,Fuerza Regida,1,2023,6,22,250,26,78300654.0,16,149,10,5,168.0,130,G,Minor
4912,Calm Down (with Selena Gomez),"Rï¿½ï¿½ma, Selena G",2,2022,3,25,7112,77,899183384.0,202,119,318,38,96.0,107,B,Major
4128,MOJABI GHOST,"Tainy, Bad Bunny",2,2023,6,29,859,40,61245289.0,35,109,41,14,211.0,122,F#,Minor
4756,Last Night,Morgan Wallen,1,2023,1,31,2420,19,429829812.0,52,107,15,1,325.0,204,F#,Major
4281,Dance The Night (From Barbie The Album),Dua Lipa,1,2023,5,25,2988,101,127408954.0,0,0,143,38,0.0,110,B,Minor
4536,Rush,Troye Sivan,1,2023,7,13,864,78,22581161.0,71,135,50,1,294.0,126,F,Minor
4820,fukumean,Gunna,1,2023,5,15,1096,83,95217315.0,60,210,48,11,953.0,130,C#,Minor
4896,La Bebe - Remix,"Peso Pluma, Yng Lvcas",2,2023,3,17,2953,44,553634067.0,49,110,66,13,339.0,170,D,Minor
3799,un x100to,"Bad Bunny, Grupo Frontera",2,2023,4,17,2876,40,505671438.0,41,205,54,12,251.0,83,F#,Minor
2057,Super Shy,NewJeans,1,2023,7,7,422,55,58255150.0,37,202,21,5,168.0,150,F,Minor
3510,Flowers,Miley Cyrus,1,2023,1,12,12211,115,1316855716.0,300,215,745,58,1021.0,118,Unknown,Major
4275,Daylight,David Kushner,1,2023,4,14,3528,98,387570742.0,80,156,182,24,1281.0,130,D,Minor
4635,As It Was,Harry Styles,1,2022,3,31,23575,130,2513188493.0,403,198,863,46,0.0,174,F#,Minor
3078,Kill Bill,SZA,1,2022,12,8,8109,77,1163093654.0,183,162,161,12,187.0,89,G#,Major
3743,TULUM,"Peso Pluma, Grupo Frontera",2,2023,6,28,266,34,52294266.0,20,185,13,8,197.0,168,F#,Major
2098,Creepin',"The Weeknd, 21 Savage, Metro Boomin",3,2022,12,2,6036,88,843957510.0,113,149,245,23,27.0,98,C#,Minor
4039,Anti-Hero,Taylor Swift,1,2022,10,21,9082,56,999748277.0,242,142,165,9,310.0,97,E,Major
3813,TQG,"Karol G, Shakira",2,2023,2,23,4284,49,618990393.0,115,123,184,18,354.0,180,E,Minor
2331,Los del Espacio,"Big One, Duki, Lit Killah, Maria Becerra, FMK, Rusherking, Emilia, Tiago pzk",8,2023,6,1,1150,31,123122413.0,22,33,34,7,184.0,120,Unknown,Major
4748,Frï¿½ï¿½gil (feat. Grupo Front,"Yahritza Y Su Esencia, Grupo Frontera",2,2023,4,7,672,34,188933502.0,19,108,24,9,212.0,150,F#,Major
3172,Blank Space,Taylor Swift,1,2014,1,1,11434,53,1355959075.0,154,123,410,2,81.0,96,F,Major
3831,Style,Taylor Swift,1,2014,1,1,7830,42,786181836.0,94,111,151,4,82.0,95,D,Major
2095,TQM,Fuerza Regida,1,2023,5,19,584,28,176553476.0,16,159,15,6,100.0,125,F,Minor
2074,El Azul,"Junior H, Peso Pluma",2,2023,2,10,692,25,354495408.0,10,107,6,3,62.0,144,A,Minor
4829,Sunflower - Spider-Man: Into the Spider-Verse,"Post Malone, Swae Lee",2,2018,10,9,24094,78,2808096550.0,372,117,843,4,69.0,90,D,Major
3843,I'm Good (Blue),"Bebe Rexha, David Guetta",2,2022,8,26,12482,80,1109433169.0,291,184,537,45,727.0,128,G,Minor
3825,See You Again,"Tyler, The Creator, Kali Uchis",3,2017,7,21,13387,64,1047101291.0,77,58,247,1,311.0,79,F#,Major
4514,Barbie World (with Aqua) [From Barbie The Album],"Nicki Minaj, Aqua, Ice Spice",3,2023,6,23,1117,80,65156199.0,82,145,65,16,1133.0,144,Unknown,Major
4699,Angels Like You,Miley Cyrus,1,2020,11,27,3372,19,570515054.0,65,48,138,1,102.0,122,F,Major
3099,I Ain't Worried,OneRepublic,1,2022,5,13,8431,76,1085685420.0,241,127,458,37,332.0,140,Unknown,Major
2749,Die For You,The Weeknd,1,2016,11,24,2483,59,1647990401.0,68,21,24,0,259.0,134,C#,Minor
2707,Starboy,"The Weeknd, Daft Punk",2,2016,9,21,29536,79,2565529693.0,281,137,2445,1,140.0,186,G,Major
4830,Die For You - Remix,"Ariana Grande, The Weeknd",2,2023,2,24,3408,47,518745108.0,87,86,74,1,16.0,67,C#,Minor
2955,El Cielo,"Feid, Myke Towers, Sky Rompiendo",3,2023,6,2,1298,38,107753850.0,44,64,57,10,110.0,106,A#,Minor
3458,Baby Don't Hurt Me,"David Guetta, Anne-Marie, Coi Leray",3,2023,4,6,4277,66,177740666.0,145,111,213,11,810.0,128,G,Major
4096,AMARGURA,Karol G,1,2023,2,24,1133,39,153372011.0,14,71,23,10,176.0,107,F#,Minor
3103,(It Goes Like) Nanana - Edit,Peggy Gou,1,2023,6,15,2259,59,57876440.0,0,0,109,17,0.0,130,G,Minor
2427,Another Love,Tom Odell,1,2012,10,15,18371,83,1813673666.0,250,122,3394,19,0.0,123,E,Minor
3432,Blinding Lights,The Weeknd,1,2019,11,29,43899,69,3703895074.0,672,199,3421,20,0.0,171,C#,Major
3707,Moonlight,Kali Uchis,1,2023,2,24,2649,42,256483385.0,67,79,57,1,615.0,137,G,Minor
4045,La Bachata,Manuel Turizo,1,2022,5,26,6804,45,1214083358.0,139,111,161,15,210.0,125,G,Minor
2095,S91,Karol G,1,2023,7,14,525,41,16011326.0,34,115,39,6,216.0,128,Unknown,Minor
3414,cardigan,Taylor Swift,1,2020,7,24,7923,29,812019557.0,106,112,142,4,215.0,130,Unknown,Minor
3085,Tï¿½ï¿,"dennis, MC Kevin o Chris",2,2023,5,4,731,15,111947664.0,27,17,73,4,167.0,130,B,Major
2218,Boy's a liar Pt. 2,"PinkPantheress, Ice Spice",2,2023,2,3,5184,41,156338624.0,154,84,102,14,37.0,133,F,Major
4076,Left and Right (Feat. Jung Kook of BTS),"Charlie Puth, BTS, Jung Kook",3,2022,6,24,3107,39,720434240.0,38,0,4,0,0.0,101,D,Major
3985,BESO,"Rauw Alejandro, ROSALï¿½",2,2023,3,24,4053,50,357925728.0,82,121,182,12,171.0,95,F,Minor
2358,Hey Mor,"Ozuna, Feid",2,2022,10,6,4637,38,674072710.0,63,79,89,11,16.0,98,C#,Minor
2457,Yellow,Chris Molitor,1,1999,1,1,31358,43,1755214421.0,196,2,4053,5,0.0,173,B,Major
2413,Karma,Taylor Swift,1,2022,10,21,3818,23,404562836.0,37,55,32,0,272.0,90,G#,Major
2852,People,Libianca,1,2022,12,2,3506,56,373199958.0,105,64,169,8,529.0,198,A#,Minor
4594,Overdrive,Post Malone,1,2023,7,14,410,36,14780425.0,36,32,31,1,26.0,140,C#,Major
2011,Enchanted (Taylor's Version),Taylor Swift,1,2023,7,7,148,24,39578178.0,32,93,8,2,5.0,82,G#,Major
4507,BABY HELLO,"Rauw Alejandro, Bizarrap",2,2023,6,23,1004,35,54266102.0,42,80,58,3,169.0,130,C#,Minor
3869,Heat Waves,Glass Animals,1,2020,6,28,22543,63,2557975762.0,386,144,707,28,0.0,81,B,Major
4063,golden hour,JVKE,1,2022,7,15,4511,36,751134527.0,70,58,109,18,230.0,94,C#,Minor
3790,Sweater Weather,The Neighbourhood,1,2012,5,14,16413,61,2282771485.0,166,87,1056,1,0.0,124,A#,Major
2622,"Quevedo: Bzrp Music Sessions, Vol. 52","Bizarrap, Quevedo",2,2022,7,6,8506,45,1356565093.0,94,65,164,14,176.0,128,D,Major
2545,Viva La Vida,Coldplay,1,2008,1,1,33898,62,1592909789.0,233,0,4095,9,0.0,138,F,Minor
2719,Here With Me,d4vd,1,2022,7,17,3246,23,635412045.0,94,85,68,1,84.0,132,E,Major
2159,Unholy (feat. Kim Petras),"Sam Smith, Kim Petras",2,2022,9,22,8576,42,1230675890.0,216,108,331,26,154.0,131,D,Major
2434,Yandel 150,"Yandel, Feid",2,2022,12,20,3618,38,585695368.0,47,74,80,14,194.0,168,F#,Minor
4139,CORAZï¿½ï¿½N VA,Maria Becerra,1,2023,6,22,370,20,43857627.0,12,16,18,4,93.0,98,C#,Major
4419,Riptide,Vance Joy,1,1975,1,1,31123,55,2009094673.0,300,65,1003,1,0.0,102,C#,Major
3305,Until I Found You (with Em Beihold) - Em Beihold Version,"Em Beihold, Stephen Sanchez",2,2022,4,22,2790,30,600976848.0,60,96,71,0,115.0,101,A#,Major
3733,Novidade na ï¿½ï¿,"Mc Livinho, DJ Matt D",2,2023,6,23,267,9,39709092.0,9,6,25,2,72.0,130,F,Major
2762,Back To December (Taylor's Version),Taylor Swift,1,2023,7,7,139,17,39228929.0,16,72,5,0,8.0,142,D,Major
3466,STAY (with Justin Bieber),"Justin Bieber, The Kid Laroi",2,2021,7,9,17050,36,2665343922.0,492,99,798,31,0.0,170,C#,Major
2044,El Merengue,"Marshmello, Manuel Turizo",2,2023,3,3,2114,44,223633238.0,80,75,110,11,323.0,124,G#,Minor
2690,Someone You Loved,Lewis Capaldi,1,2018,11,8,17836,53,2887241814.0,440,125,1800,0,0.0,110,C#,Major
3093,Me Porto Bonito,"Chencho Corleone, Bad Bunny",2,2022,5,6,8870,43,1440757818.0,104,120,141,26,49.0,92,C#,Minor
2073,Makeba,Jain,1,2015,6,22,6060,53,165484133.0,150,148,2703,22,1451.0,116,D,Major
2555,MONTAGEM - FR PUNK,"Ayparia, unxbected",2,2012,6,20,641,50,58054811.0,1,52,8,0,1170.0,129,A,Major
3081,Fast Car,Luke Combs,1,2023,3,24,1446,12,157058870.0,57,97,35,0,429.0,98,G#,Major
4410,What It Is (Solo Version),Doechii,1,2023,3,17,804,25,95131998.0,29,76,24,0,162.0,172,C#,Minor
3951,Snooze,SZA,1,2022,12,9,2839,25,399686758.0,58,156,42,1,236.0,143,F,Major
2125,Summertime Sadness,Lana Del Rey,1,2011,1,1,20333,52,983637508.0,89,143,1632,3,200.0,112,C#,Minor
2675,Take Two,BTS,1,2023,6,9,674,47,118482347.0,20,106,25,4,78.0,93,G,Major
2557,Lover,Taylor Swift,1,2012,1,1,8448,23,882831184.0,160,110,163,0,5.0,206,G,Major
3418,Too Many Nights (feat. Don Toliver & with Future),"Future, Metro Boomin, Don Toliver",3,2022,12,2,2110,58,286400165.0,17,119,19,2,266.0,88,G,Minor
3329,Chemical,Post Malone,1,2023,4,14,2528,39,172825906.0,56,91,59,3,486.0,170,D,Major
2592,Mockingbird,Eminem,1,2004,1,1,12985,61,1241559043.0,49,98,2394,5,204.0,84,E,Minor
4818,New Jeans,NewJeans,1,2023,7,7,77,35,29562220.0,8,166,4,4,34.0,134,E,Minor
2102,Primera Cita,Carin Leon,1,2022,4,20,266,27,77309611.0,6,40,6,6,202.0,158,A#,Major
2249,Cold Heart - PNAU Remix,"Dua Lipa, Elton John, Pnau",3,2017,11,10,21097,52,1605224506.0,384,135,1034,37,312.0,116,C#,Major
3091,Dandelions,Ruth B.,1,2017,4,28,3423,21,1116995633.0,41,100,59,1,32.0,117,C#,Major
2516,Bones,Imagine Dragons,1,2021,3,11,4198,44,838079900.0,98,108,327,17,153.0,114,F,Minor
3000,Set Fire to the Rain,Adele,1,2011,1,1,14739,43,1163620694.0,88,112,2163,5,519.0,108,D,Minor
2821,Money Trees,"Kendrick Lamar, Jay Rock",2,2012,1,1,26792,32,1093605526.0,69,113,695,0,458.0,144,E,Minor
4303,Tak Segampang Itu,Anggi Marito,1,2022,12,2,213,6,179659294.0,7,6,0,0,48.0,130,F,Major
3708,VAGABUNDO,"Sebastian Yatra, Manuel Turizo, Beï¿½ï",3,2028,5,12,1094,34,90839753.0,40,58,47,8,203.0,127,B,Minor
2103,august,Taylor Swift,1,2020,7,24,7324,22,607123776.0,25,81,61,1,44.0,90,F,Major
3301,LUNA,"Junior H, Peso Pluma",2,2023,6,22,201,11,55842345.0,19,117,8,1,74.0,128,A,Minor
4945,Miracle (with Ellie Goulding),"Calvin Harris, Ellie Goulding",2,2023,3,10,5120,48,211050784.0,161,115,246,9,638.0,143,A,Major
2351,Nonsense,Sabrina Carpenter,1,2022,7,15,2346,27,342897938.0,69,12,38,8,64.0,139,G#,Major
3892,Que Vuelvas,"Carin Leon, Grupo Frontera",2,2022,12,9,763,26,2762.0,21,110,21,9,71.0,162,A#,Major
3019,Por las Noches,Peso Pluma,1,2021,6,11,457,24,330346424.0,8,116,4,3,2.0,92,Unknown,Major
3187,Feliz Cumpleaï¿½ï¿½os Fe,Feid,1,2022,8,19,3430,38,601863821.0,45,69,52,4,3.0,95,F,Major
3034,Can't Hold Us (feat. Ray Dalton),"Ray Dalton, Ryan Lewis, Macklemore",3,2011,8,16,6074,52,1953533826.0,201,44,6551,2,0.0,146,D,Major
4231,Watermelon Sugar,Harry Styles,1,2019,11,17,21915,34,2322580122.0,437,115,1212,12,0.0,95,Unknown,Major
3331,lovely - Bonus Track,"Billie Eilish, Khalid",2,2017,8,11,15032,30,2355719893.0,221,96,1078,2,136.0,115,E,Minor
3718,"Rauw Alejandro: Bzrp Music Sessions, Vol. 56","Rauw Alejandro, Bizarrap",2,2023,6,21,871,32,66902503.0,25,59,32,5,88.0,128,B,Major
3867,Queencard,(G)I-DLE,1,2028,5,15,451,33,96273746.0,10,126,7,0,148.0,130,E,Minor
2718,OMG,NewJeans,1,2023,1,2,1783,27,430977451.0,26,124,15,1,22.0,127,A,Minor
3089,Radio,Lana Del Rey,1,2011,1,1,9389,46,284819874.0,24,122,282,3,368.0,150,D,Major
3542,"Shakira: Bzrp Music Sessions, Vol. 53","Shakira, Bizarrap",2,2023,1,11,5724,44,721975598.0,119,108,254,29,22.0,122,D,Minor
4385,505,Arctic Monkeys,1,2007,4,20,13985,25,1217120710.0,30,80,588,1,1.0,140,Unknown,Major
3676,"Calling (Spider-Man: Across the Spider-Verse) (Metro Boomin & Swae Lee, NAV, feat. A Boogie Wit da Hoodie)","Swae Lee, A Boogie Wit da Hoodie, Metro Boomin, NAV",4,2023,6,2,1051,16,109276132.0,31,37,31,0,189.0,140,Unknown,Major
2376,Trance (with Travis Scott & Young Thug),"Travis Scott, Young Thug, Metro Boomin",3,2022,12,2,1682,46,276259178.0,24,90,30,1,176.0,119,C#,Minor
3659,"Tere Vaaste (From ""Zara Hatke Zara Bachke"")","Sachin-Jigar, Shadab Faridi, Altamash Faridi, Amitabh Bhattacharya, Varun Jain",5,2023,5,22,182,8,54225632.0,3,88,1,0,52.0,110,G,Minor
3048,Perfect,Ed Sheeran,1,2017,1,1,16596,13,2559529074.0,7,0,2094,0,0.0,95,G#,Major
3503,Romantic Homicide,d4vd,1,2022,7,20,2335,23,681583126.0,82,55,50,0,9.0,132,F#,Major
2183,Believer,Imagine Dragons,1,2017,1,31,18986,23,2594040133.0,250,121,2969,10,31.0,125,A#,Minor
2809,Novo Balanï¿½,"Veigh, Bvga Beatz, Supernova Ent, Prod Malax",4,2023,5,19,283,7,81102253.0,6,9,26,1,66.0,124,D#,Minor
3230,"Gol Bolinha, Gol Quadrado 2","Mc Pedrinho, DJ 900",2,2028,6,1,293,8,11956641.0,5,2,30,2,66.0,133,B,Minor
2280,Without Me,Eminem,1,2002,1,1,21081,43,1687664027.0,98,76,3889,5,0.0,112,G,Major
4581,QUEMA,"Sog, Ryan Castro, Peso Pluma",3,2024,7,13,437,31,11599388.0,17,29,26,3,208.0,97,Unknown,Major
4491,Stargirl Interlude,"The Weeknd, Lana Del Rey",2,2016,11,24,1275,32,611700552.0,13,8,5,0,1.0,90,F,Minor
4290,Ojitos Lindos,"Bomba Estï¿½ï¿½reo, Bad B",2,2022,5,6,6135,38,1133865788.0,71,113,99,13,28.0,80,D#,Minor
2269,Somewhere Only We Know,Keane,1,2004,1,1,20015,16,1089402494.0,107,69,5239,0,558.0,172,A,Major
2540,Those Eyes,New West,1,2019,5,10,1507,14,411747614.0,24,71,44,1,195.0,120,E,Major
3320,El Gordo Trae El Mando,Chino Pacas,1,2023,1,27,539,21,255932395.0,7,71,4,2,13.0,140,G,Minor
3557,Mi Bello Angel,Natanael Cano,1,2023,6,30,86,8,31873544.0,7,76,3,1,93.0,128,A,Minor
3086,Bye,Peso Pluma,1,2023,5,26,324,14,95053634.0,13,110,8,2,60.0,122,Unknown,Major
3597,Danza Kuduro,"Don Omar, Lucenzo",2,2010,1,1,17138,37,1279434863.0,119,81,974,1,503.0,130,Unknown,Major
2066,Nosso Quadro,"Ana Castela, AgroPlay",2,2023,2,2,894,9,233801632.0,14,88,66,3,72.0,160,A,Major
2456,Locked Out Of Heaven,Bruno Mars,1,2012,12,5,1622,9,1481349984.0,0,0,356,0,0.0,144,F,Major
4443,Un Finde | CROSSOVER #2,"Big One, FMK, Ke personajes",3,2023,4,4,561,14,142095275.0,4,14,12,5,56.0,192,B,Major
4991,Jimmy Cooks (feat. 21 Savage),"Drake, 21 Savage",2,2022,6,17,5871,27,618885532.0,81,121,58,1,34.0,163,Unknown,Major
2380,Counting Stars,OneRepublic,1,2013,1,1,29215,43,2011464183.0,179,97,3394,11,153.0,122,C#,Minor
4305,Ghost,Justin Bieber,1,2021,3,19,5866,24,1167330737.0,107,38,95,0,0.0,154,D,Major
3832,Under The Influence,Chris Brown,1,2019,10,4,3859,26,929964809.0,133,181,3,0,0.0,117,A,Minor
4957,PRC,"Natanael Cano, Peso Pluma",2,2023,1,23,961,26,436027885.0,19,143,10,6,15.0,138,G,Minor
2999,Gasolina,Daddy Yankee,1,2004,7,13,6457,18,657723613.0,98,95,453,0,454.0,96,Unknown,Major
4742,One Dance,"Drake, WizKid, Kyla",3,2016,4,4,43257,24,2713922350.0,433,107,3631,0,26.0,104,C#,Major
4144,Enchanted,Taylor Swift,1,2010,1,1,4564,16,621660989.0,24,101,113,0,40.0,164,G#,Major
3668,Save Your Tears,The Weeknd,1,2020,3,20,12688,13,1591223784.0,197,115,112,0,200.0,118,Unknown,Major
2733,Sure Thing,Miguel,1,2010,5,25,13801,19,950906471.0,137,125,435,6,285.0,81,B,Minor
3398,Every Breath You Take - Remastered 2003,The Police,1,1983,1,6,22439,19,1593270737.0,211,74,929,0,129.0,117,C#,Major
4097,The Night We Met,Lord Huron,1,2015,2,2,18515,35,1410088830.0,70,82,939,1,162.0,174,D,Major
2831,We Found Love,"Rihanna, Calvin Harris",2,2011,1,1,36843,21,1235005533.0,321,91,4607,1,58.0,128,C#,Major
4097,When I Was Your Man,Bruno Mars,1,2012,12,5,2420,11,1661187319.0,0,0,806,0,0.0,145,Unknown,Major
4330,Let Me Down Slowly,Alec Benjamin,1,2018,5,25,5897,19,1374581173.0,0,0,885,0,0.0,150,C#,Minor
4696,"Am I Dreaming (Metro Boomin & A$AP Rocky, Roisee)","A$AP Rocky, Metro Boomin, Roisee",3,2023,6,2,727,16,94186466.0,17,60,28,1,44.0,90,A,Minor
3135,Do I Wanna Know?,Arctic Monkeys,1,2013,1,1,33783,26,1788326445.0,133,92,2733,1,26.0,85,F,Major
3757,Demons,Imagine Dragons,1,2012,1,1,26694,13,1840364617.0,65,82,3425,4,13.0,180,D#,Major
2725,ýýýýýýýýýýýý,YOASOBI,1,2023,4,12,356,16,143573775.0,35,102,8,1,117.0,166,C#,Major
4532,Reminder,The Weeknd,1,2016,11,25,6518,17,684675814.0,45,85,238,1,47.0,160,G#,Major
3027,Shake It Off,Taylor Swift,1,2014,1,1,21335,13,1113838873.0,328,70,1378,9,20.0,160,G,Major
3404,Why'd You Only Call Me When You're High?,Arctic Monkeys,1,2013,1,1,23389,29,1267333350.0,54,70,1089,2,1.0,92,D,Major
2950,SNAP,Rosa Linn,1,2022,3,19,3202,18,726307468.0,148,80,226,24,0.0,170,Unknown,Major
2921,Shape of You,Ed Sheeran,1,2017,1,6,32181,10,3562543890.0,33,0,6808,7,0.0,96,C#,Minor
2942,Night Changes,One Direction,1,2014,11,17,7124,18,1131090940.0,60,20,2,0,0.0,120,G#,Major
3542,Fin de Semana,"Oscar Maydon, Junior H",2,2023,1,13,592,14,307370144.0,11,84,6,1,30.0,98,Unknown,Major
2463,Creep,Radiohead,1,1992,9,21,36724,7,1271293243.0,146,72,6807,5,80.0,92,G,Major
4626,Car's Outside,James Arthur,1,2019,10,18,794,10,265882712.0,38,25,61,0,263.0,150,A,Major
3293,Apocalypse,Cigarettes After Sex,1,2017,3,21,13091,17,841749534.0,61,96,790,2,116.0,94,F,Major
3009,Cheques,Shubh,1,2023,5,19,67,8,47956378.0,7,10,0,0,57.0,90,E,Minor
2734,Pink + White,Frank Ocean,1,2016,8,20,21574,30,806397070.0,112,68,266,1,39.0,160,A,Major
3220,Circles,Post Malone,1,2019,8,30,19664,16,2132335812.0,391,73,633,3,37.0,120,Unknown,Major
4647,Just The Way You Are,Bruno Mars,1,2010,1,1,21106,13,1641426668.0,82,0,2946,0,0.0,109,F,Major
3422,Take Me To Church,Hozier,1,2013,9,13,23804,31,2135158446.0,187,99,4623,1,0.0,129,E,Minor
2799,Bebe Dame,"Fuerza Regida, Grupo Frontera",2,2022,12,16,849,22,367316268.0,27,129,21,7,111.0,157,G,Major
3111,You Belong With Me (Taylorï¿½ï¿½ï¿½s Ve,Taylor Swift,1,2021,4,9,2619,12,350381515.0,47,90,1,0,7.0,130,F#,Major
4675,Titi Me Preguntï¿,Bad Bunny,1,2022,5,6,9037,42,1264310836.0,124,133,139,14,166.0,107,F,Minor
4003,Better Than Revenge (Taylor's Version),Taylor Swift,1,2023,7,7,86,11,30343206.0,3,33,3,0,1.0,146,B,Minor
4994,Shut up My Moms Calling,Hotel Ugly,1,2020,2,10,1788,14,405136812.0,1,50,19,0,19.0,139,A,Minor
3027,Have You Ever Seen The Rain?,Creedence Clearwater Revival,1,1968,7,1,15890,14,1145727611.0,71,37,653,0,167.0,116,Unknown,Major
2144,Es un Secreto,Plan B,1,2010,7,20,492,36,540654286.0,4,3,19,0,0.0,95,F#,Minor
2765,POLARIS - Remix,"Feid, Mora, Saiko, Quevedo",4,2023,6,8,773,33,57312735.0,20,46,21,8,99.0,170,G#,Minor
4950,Ditto,NewJeans,1,2022,12,19,1154,22,397582059.0,28,125,11,1,51.0,134,F#,Minor
2596,Take On Me,a-ha,1,1984,10,19,44927,17,1479115056.0,34,0,5108,6,0.0,84,F#,Minor
4191,"Annihilate (Spider-Man: Across the Spider-Verse) (Metro Boomin & Swae Lee, Lil Wayne, Offset)","Swae Lee, Lil Wayne, Offset, Metro Boomin",4,2023,6,2,551,4,86773632.0,13,46,20,1,10.0,146,B,Minor
4893,"Angel Pt 1 (feat. Jimin of BTS, JVKE & Muni Long)","Kodak Black, NLE Choppa, Muni Long, JVKE, Jimin",5,2023,5,1,577,14,133753727.0,22,18,15,1,0.0,74,A#,Minor
3996,Acrï¿½ï¿½s,Shakira,1,2023,5,11,955,29,123124076.0,37,50,79,11,31.0,144,B,Major
3436,AMG,"Natanael Cano, Gabito Ballesteros, Peso Pluma",3,2022,11,24,995,19,463564958.0,12,117,9,5,3.0,136,B,Minor
2516,"Phir Aur Kya Chahiye (From ""Zara Hatke Zara Bachke"")","Arijit Singh, Sachin-Jigar, Amitabha Bhattacharya",3,2023,5,15,178,6,64533040.0,6,71,1,0,31.0,100,E,Major
2709,S-Class,Stray Kids,1,2023,6,2,290,19,65496046.0,9,101,5,0,73.0,105,F,Minor
3159,Hits Different,Taylor Swift,1,2023,5,26,547,0,68616963.0,15,15,6,0,0.0,106,F,Major
2164,Chanel,"Becky G, Peso Pluma",2,2023,3,30,681,10,161460990.0,15,92,21,2,26.0,132,D,Major
4258,Self Love (Spider-Man: Across the Spider-Verse) (Metro Boomin & Coi Leray),"Metro Boomin, Coi Leray",2,2023,6,2,332,5,70106975.0,18,41,5,0,19.0,120,A,Major
3812,Area Codes,"Kaliii, Kaliii",2,2023,3,17,1197,13,113509496.0,44,34,25,1,171.0,155,C#,Major
2691,Abcdario,"Junior H, Eden Muï¿½ï",2,2023,5,13,262,5,89933133.0,8,60,4,1,109.0,129,G#,Major
4991,Obsessed,"Abhijay Sharma, Riar Saab",2,2022,9,29,161,6,71007139.0,10,79,2,0,42.0,135,F,Minor
2423,Piï¿½ï¿½man Deï¿,"Semicenk, Doï¿½ï¿½u ",2,2023,6,2,185,3,43522589.0,5,6,4,1,33.0,98,A#,Minor
4343,FLOWER,JISOO,1,2023,3,31,839,18,232896922.0,20,110,20,0,69.0,124,A,Minor
2258,"All The Way Live (Spider-Man: Across the Spider-Verse) (Metro Boomin & Future, Lil Uzi Vert)","Future, Lil Uzi Vert, Metro Boomin",3,2028,6,2,259,0,37126685.0,5,17,5,0,0.0,135,A,Minor
2964,Eyes Closed,Ed Sheeran,1,2023,3,23,2915,30,195576623.0,116,69,107,3,675.0,107,D,Major
3304,Escapism.,"RAYE, 070 Shake",2,2022,10,12,5129,25,532336353.0,116,84,114,18,348.0,96,D,Major
2650,La Jumpa,"Arcangel, Bad Bunny",2,2022,11,30,3794,34,538115192.0,47,77,53,10,8.0,123,G#,Major
4092,Karma (feat. Ice Spice),"Taylor Swift, Ice Spice",2,2023,5,26,588,0,46142772.0,23,21,31,0,0.0,90,G#,Major
3805,Superhero (Heroes & Villains) [with Future & Chris Brown],"Future, Chris Brown, Metro Boomin",3,2022,12,2,2959,16,401036314.0,41,69,38,0,36.0,117,F,Minor
3633,Las Morras,"BLESSD, Peso Pluma",2,2023,4,4,291,8,127026613.0,8,78,4,1,1.0,133,A,Minor
4253,CHORRITO PA LAS ANIMAS,Feid,1,2022,12,2,2321,36,345031710.0,29,65,34,5,3.0,96,G#,Minor
3425,Ch y la Pizza,"Fuerza Regida, Natanael Cano",2,2022,12,1,536,10,288101651.0,10,72,8,3,14.0,149,G#,Major
3402,Snow On The Beach (feat. More Lana Del Rey),"Lana Del Rey, Taylor Swift",2,2023,5,26,359,2,60350538.0,1,0,9,0,0.0,110,F#,Minor
4571,Players,Coi Leray,1,2022,11,30,4096,6,335074782.0,118,48,143,0,240.0,105,F#,Major
2588,Bite Me,ENHYPEN,1,2023,5,22,349,69,76767396.0,8,96,5,0,56.0,105,C#,Major
2145,Stand By Me (feat. Morgan Wallen),"Lil Durk, Morgan Wallen",2,2023,5,26,381,5,46065667.0,23,82,6,0,113.0,134,B,Major
3319,Normal,Feid,1,2022,7,8,2461,36,459276435.0,47,66,45,5,6.0,170,E,Minor
4422,Hummingbird (Metro Boomin & James Blake),"James Blake, Metro Boomin",2,2023,6,2,277,1,39666245.0,1,20,5,0,1.0,81,F#,Major
2374,Seu Brilho Sumiu - Ao Vivo,"Israel & Rodolffo, Mari Fernandez",2,2023,3,1,967,5,138517666.0,7,29,51,1,29.0,154,F#,Major
2071,Bad Habit,Steve Lacy,1,2022,6,29,8186,12,822633917.0,155,72,131,16,29.0,169,C#,Major
4105,CUFF IT,Beyoncï¿,1,2022,7,29,7842,10,595900742.0,215,88,330,26,23.0,115,G,Major
3642,Lilith (feat. SUGA of BTS) (Diablo IV Anthem),"Halsey, Suga",2,2023,6,5,215,6,51985779.0,6,14,8,2,4.0,84,A,Minor
4695,69,"Nicky Jam, Feid",2,2023,5,18,1134,22,57945987.0,39,14,48,2,3.0,93,G#,Major
4258,Niï¿½ï¿½a Bo,"Sean Paul, Feid",2,2023,4,21,1305,34,115010040.0,29,26,43,5,44.0,91,G,Major
3935,Search & Rescue,Drake,1,2023,4,7,2066,6,175097833.0,58,70,43,0,182.0,142,A#,Minor
2703,AMERICA HAS A PROBLEM (feat. Kendrick Lamar),"Kendrick Lamar, Beyoncï¿",2,2023,5,19,896,0,57089066.0,34,2,33,0,1.0,126,C#,Major
3603,Lavender Haze,Taylor Swift,1,2022,10,21,3763,8,488386797.0,51,43,38,10,1.0,97,A#,Major
4254,"Link Up (Metro Boomin & Don Toliver, Wizkid feat. BEAM & Toian) - Spider-Verse Remix (Spider-Man: Across the Spider-Verse )","WizKid, Toian, Metro Boomin, Don Toliver, Beam",5,2023,6,2,197,0,32761689.0,3,10,3,0,0.0,101,F,Major
2556,Efecto,Bad Bunny,1,2022,5,6,4004,33,1047480053.0,34,65,43,6,2.0,98,G,Minor
4517,Erro Gostoso - Ao Vivo,Simone Mendes,1,2023,1,27,984,5,153454328.0,8,57,76,2,49.0,154,F#,Major
4799,Cupido,Tini,1,2023,2,14,1240,24,217672943.0,51,29,63,4,54.0,120,A,Major
3567,Just Wanna Rock,Lil Uzi Vert,1,2022,10,17,3995,13,457184829.0,72,27,47,0,0.0,150,B,Major
3765,Unstoppable,Sia,1,2016,1,21,7681,13,939844851.0,119,66,1145,2,0.0,174,A,Major
4286,Until I Found You,Stephen Sanchez,1,2021,9,1,4427,4,726434358.0,69,100,154,20,438.0,202,A#,Major
3559,Rich Flex,"Drake, 21 Savage",2,2022,11,4,4657,18,573633020.0,84,84,42,0,23.0,153,B,Minor
3444,Easy On Me,Adele,1,2021,10,14,10195,20,1406111294.0,258,87,657,22,9.0,142,F,Major
4066,Cartï¿½ï¿½o B,"MC Caverinha, KayBlack",2,2023,5,11,269,4,71573339.0,7,2,30,1,11.0,108,A,Minor
4557,Danger (Spider) (Offset & JID),"Offset, JID",2,2023,6,2,214,0,24975653.0,3,3,6,0,0.0,143,B,Major
4227,Oi Balde - Ao Vivo,Zï¿½ï¿½ Neto & Crist,1,2023,2,14,845,2,145458418.0,12,57,47,1,33.0,108,D,Major
4210,The Real Slim Shady,Eminem,1,2000,1,1,20763,27,1424589568.0,81,53,3271,1,17.0,104,F,Minor
3881,MERCHO,"Migrantes, LiL CaKe, Nico Valdi",3,2022,12,16,1267,20,231332117.0,41,22,56,4,84.0,93,F#,Minor
2755,The Color Violet,Tory Lanez,1,2021,12,10,2585,32,415932686.0,3,79,21,1,54.0,105,F#,Minor
3896,Glimpse of Us,Joji,1,2022,6,10,6330,6,988515741.0,109,42,158,3,31.0,170,G#,Major
4299,Mejor Que Yo,"Mambo Kingz, DJ Luian, Anuel Aa",3,2023,5,4,675,1,50847624.0,9,13,11,0,1.0,178,C#,Minor
4378,Curtains,Ed Sheeran,1,2023,5,5,715,0,39893489.0,37,3,27,0,50.0,176,F#,Minor
4746,UNFORGIVEN (feat. Nile Rodgers),"Nile Rodgers, LE SSERAFIM",2,2023,5,1,327,13,92035115.0,14,110,9,0,49.0,104,E,Minor
4467,Haegeum,Agust D,1,2023,4,21,244,12,118810253.0,6,84,10,2,9.0,85,G,Major
3262,Conexï¿½ï¿½es de Mï¿½ï¿½fia (feat. Rich ,"Rich The Kid, Matuï¿",2,2023,4,30,385,4,77233241.0,17,7,41,1,29.0,117,F#,Minor
2328,MIENTRAS ME CURO DEL CORA,Karol G,1,2023,2,24,1020,35,206399629.0,15,26,30,6,0.0,80,Unknown,Major
4688,Never Felt So Alone,Labrinth,1,2023,4,7,1730,3,117747907.0,46,5,51,0,20.0,98,F,Major
4753,X SI VOLVEMOS,"Karol G, Romeo Santos",2,2023,2,2,2127,33,266624541.0,45,80,53,8,4.0,178,C#,Minor
4668,ceilings,Lizzy McAlpine,1,2022,4,8,3242,9,293186992.0,67,55,48,0,6.0,148,A,Major
2219,Cupid,Fifty Fifty,1,2023,2,24,526,10,139681964.0,15,93,30,0,320.0,120,D,Major
4837,I AM,IVE,1,2023,4,10,366,15,123132751.0,16,102,7,0,55.0,122,E,Minor
2319,Cupid ï¿½ï¿½ï¿½ Twin Ver. (FIFTY FIFTY) ï¿½ï¿½ï¿½ Spe,sped up 8282,1,1997,1,1,472,2,103762518.0,0,0,6,0,0.0,144,F,Major
3608,Shorty Party,"Cartel De Santa, La Kelly",2,2023,3,4,432,12,162887075.0,8,14,12,2,33.0,96,D,Major
2149,Super,SEVENTEEN,1,2023,4,24,271,12,91221625.0,16,103,9,0,55.0,137,G#,Major
3026,Slut Me Out,NLE Choppa,1,2022,4,22,816,4,190490915.0,21,4,13,0,4.0,121,F#,Minor
2056,Double Fantasy (with Future),"The Weeknd, Future",2,2023,4,21,1169,0,96180277.0,36,65,28,0,0.0,119,A,Minor
2146,All Of The Girls You Loved Before,Taylor Swift,1,2019,8,23,1282,6,185240616.0,26,6,19,0,5.0,96,D,Major
4821,PROVENZA,Karol G,1,2022,4,21,6587,34,885093467.0,114,104,147,11,20.0,111,C#,Major
2785,Princess Diana (with Nicki Minaj),"Nicki Minaj, Ice Spice",2,2025,4,14,1444,4,104992946.0,0,0,0,0,0.0,148,A,Major
2446,Di Que Si,"Grupo Marca Registrada, Grupo Frontera",2,2023,2,3,356,10,147290338.0,4,64,4,2,37.0,182,A,Major
3231,Shivers,Ed Sheeran,1,2021,9,9,10147,30,1302184087.0,234,71,543,18,0.0,141,D,Major
2848,Igualito a Mi Apï¿,"Fuerza Regida, Peso Pluma",2,2022,12,30,265,6,158950978.0,8,84,5,1,4.0,145,E,Minor
4232,Shoong! (feat. LISA of BLACKPINK),"TAEYANG, Lisa",2,2023,4,25,351,9,76910644.0,16,90,10,0,64.0,110,B,Minor
2129,Komang,Raim Laode,1,2022,8,16,158,4,137123880.0,5,6,1,1,18.0,134,G,Major
4057,DESPECHï¿,ROSALï¿½,1,2022,7,28,7613,33,782369383.0,180,90,422,15,55.0,130,G,Major
2082,Made You Look,Meghan Trainor,1,2022,10,21,3956,6,502574952.0,142,23,127,3,16.0,145,A#,Major
3681,Watch This - ARIZONATEARS Pluggnb Remix,"sped up nightcore, ARIZONATEARS, Lil Uzi Vert",3,2023,2,5,1638,10,207033255.0,0,0,21,0,0.0,130,B,Minor
4262,No Se Va,Grupo Frontera,1,2022,4,28,924,18,404887295.0,17,80,22,9,38.0,173,Unknown,Major
3306,Punto G,Quevedo,1,2022,11,4,1985,35,381161027.0,34,26,37,5,1.0,92,B,Minor
2876,Lovers Rock,TV Girl,1,2014,6,5,6339,13,466231982.0,3,1,36,1,37.0,105,F,Minor
4673,METAMORPHOSIS,INTERWORLD,1,2021,11,25,1561,24,357580552.0,18,78,24,0,30.0,175,G,Minor
3593,Mami Chula,"Quevedo, Jhayco",2,2023,4,27,875,4,61105704.0,17,13,27,0,43.0,120,G,Minor
4989,En Paris,"El Chachito, Junior H",2,2022,12,24,406,5,198275403.0,3,31,2,1,0.0,139,D#,Minor
3560,Set Me Free Pt.2,Jimin,1,2023,3,17,340,13,168448603.0,4,71,16,1,9.0,132,Unknown,Minor
2641,I Was Never There,"The Weeknd, Gesaffelstein",2,2018,3,29,4188,15,705469769.0,30,70,142,0,27.0,114,A#,Major
4861,Don't ever say love me (feat. RM of BTS),"RM, Colde",2,2023,5,4,105,0,34502215.0,5,9,5,0,0.0,145,B,Minor
4951,Shut Down,BLACKPINK,1,2022,9,16,1524,17,482175240.0,53,120,62,0,2.0,110,Unknown,Major
2121,Gato de Noche,"Nengo Flow, Bad Bunny",2,2022,12,22,2651,30,304118600.0,21,55,32,3,0.0,94,G#,Major
2105,Call Out My Name,The Weeknd,1,2018,3,29,11087,6,1449799467.0,151,107,801,1,105.0,134,C#,Major
4086,Like Crazy (English Version),Jimin,1,2023,3,24,373,19,173627354.0,4,72,5,0,5.0,120,G,Major
3551,Rosa Pastel,"Jasiel Nuï¿½ï¿½ez, Peso P",2,2023,2,2,200,4,90025258.0,8,77,2,1,1.0,123,G,Minor
2067,Sunroof,"Nicky Youre, Dazy",2,2021,12,3,3741,17,652704649.0,156,35,110,19,0.0,131,A#,Major
2982,Lose Yourself - Soundtrack Version,Eminem,1,2002,1,1,32502,21,1829992958.0,247,54,5567,1,51.0,171,D,Major
3475,Superman,"Eminem, Dina Rae",2,2002,5,26,7615,14,655466831.0,18,51,1005,0,0.0,130,E,Minor
3162,Mas Rica Que Ayer,"Mambo Kingz, DJ Luian, Anuel Aa",3,2023,3,2,1208,34,146409671.0,10,41,20,0,1.0,94,B,Major
4997,People Pt.2 (feat. IU),"IU, Agust D",2,2023,4,7,209,4,95816024.0,4,45,11,2,24.0,89,G,Minor
4859,REMIX EXCLUSIVO,Feid,1,2023,3,17,1235,9,117206995.0,20,8,15,0,6.0,87,F,Minor
2984,"Arcï¿½ï¿½ngel: Bzrp Music Sessions, Vol","Arcangel, Bizarrap",2,2023,3,22,654,3,100409613.0,11,3,18,1,1.0,124,B,Minor
4234,DOGTOOTH,"Tyler, The Creator",2,2023,3,27,1479,0,80758350.0,23,0,18,0,33.0,78,G#,Major
2803,10:35:00,"Tiï¿½ï¿½sto, Tate M",2,2022,11,1,4942,26,325592432.0,190,104,147,18,63.0,120,G#,Major
4021,SORRY NOT SORRY,"Tyler, The Creator",2,2023,3,31,709,0,58473276.0,8,1,13,0,0.0,96,F#,Minor
4856,HAPPY,NF,1,2023,3,25,660,0,52722996.0,22,7,11,0,78.0,106,G,Major
2826,La Bebe,Yng Lvcas,1,2021,12,24,489,17,191945597.0,4,11,5,1,2.0,170,D,Minor
3395,I Know - PR1SVX Edit,"Kanii, PR1ISVX",2,2023,3,24,407,0,77377503.0,16,15,5,0,1.0,134,B,Minor
2879,Late Night Talking,Harry Styles,1,2022,5,20,7461,8,743693613.0,166,42,199,16,58.0,115,A#,Major
2976,Leï¿½,Marï¿½ï¿½lia Mendo,1,2022,12,9,993,4,267789608.0,30,84,88,1,28.0,130,F#,Major
3819,Save Your Tears (with Ariana Grande) (Remix),"Ariana Grande, The Weeknd",2,2020,3,20,9161,5,1221813483.0,240,98,468,3,10.0,118,Unknown,Major
4453,Something in the Orange,Zach Bryan,1,2022,4,22,3282,12,449701773.0,67,84,46,16,117.0,110,G,Major
2691,VOID,Melanie Martinez,1,2023,3,29,596,0,67070410.0,29,9,12,0,52.0,100,A,Major
3313,Dijeron Que No La Iba Lograr,"Fuerza Regida, Chino Pacas",2,2023,3,14,320,6,116334601.0,5,48,2,1,9.0,142,G,Minor
2150,Midnight Rain,Taylor Swift,1,2022,10,21,2612,4,433356509.0,19,29,21,0,0.0,140,Unknown,Major
2057,If We Ever Broke Up,Mae Stephens,1,2023,2,10,2040,4,165584767.0,81,27,66,9,444.0,116,G,Major
4828,You Proof,Morgan Wallen,1,2022,5,13,2128,9,367814306.0,37,88,9,0,14.0,120,A,Major
2178,LA INOCENTE,"Feid, Mora",2,2022,4,1,2598,37,477033549.0,28,57,43,8,85.0,92,F,Minor
2360,Malas Decisiones,Kenia OS,1,2022,10,26,542,2,156214700.0,23,2,21,0,0.0,110,G#,Minor
2696,Murder In My Mind,Kordhell,1,2022,1,21,2459,20,448843705.0,20,68,50,0,22.0,120,A#,Major
2187,Gangsta's Paradise,"Coolio, L.V.",2,1995,7,11,10624,17,1357608774.0,21,0,386,0,0.0,80,G#,Major
3460,CAIRO,"Karol G, Ovy On The Drums",2,2022,11,13,2418,26,294352144.0,52,66,55,1,16.0,115,F,Minor
3097,I Love You So,The Walters,1,2014,11,28,7536,7,972164968.0,44,19,135,0,6.0,76,A#,Major
3089,Dark Red,Steve Lacy,1,2017,2,20,10431,7,920045682.0,71,53,181,0,10.0,172,F#,Major
4835,Say You Won't Let Go,James Arthur,1,2016,9,9,15722,16,2420461338.0,231,37,1509,0,13.0,99,A#,Major
4413,The Hills,The Weeknd,1,2015,5,27,25744,4,1947371785.0,122,94,1992,0,18.0,136,Unknown,Minor
3486,Heart To Heart,Mac DeMarco,1,2019,5,10,1640,0,244658767.0,27,27,29,1,1.0,150,G#,Minor
2000,Peaches (from The Super Mario Bros. Movie),Jack Black,1,2023,4,7,34,0,68216992.0,0,0,0,0,0.0,92,A#,Minor
4403,Marisola - Remix,"Duki, NICKI NICOLE, Cris Mj, Standly, Stars Music Chile",5,2022,12,15,1845,16,223582566.0,20,8,30,2,0.0,95,C#,Major
3201,LOKERA,"Brray, Rauw Alejandro, Lyanno",3,2022,7,25,3301,30,471819764.0,72,64,64,6,3.0,102,B,Minor
2435,Low,SZA,1,2022,12,9,1911,0,272377463.0,23,71,14,0,9.0,145,Unknown,Minor
3817,Numb,Linkin Park,1,2003,3,24,20111,5,1361425037.0,39,0,7341,0,0.0,110,A,Major
2932,Tormenta (feat. Bad Bunny),"Gorillaz, Bad Bunny",2,2023,2,24,1529,0,149778242.0,32,18,39,2,0.0,95,Unknown,Major
2309,on the street (with J. Cole),"j-hope, J. Cole",2,2023,3,3,615,2,116599790.0,22,82,8,0,9.0,94,B,Minor
2475,One Thing At A Time,Morgan Wallen,1,2022,12,2,811,4,148469433.0,11,58,5,0,21.0,142,G,Major
2244,Miss You,"Robin Schulz, Oliver Tree",2,2022,8,5,5730,10,497225336.0,108,16,197,3,165.0,145,F#,Minor
3158,Ainï¿½ï¿½ï¿½t Tha,Morgan Wallen,1,2023,3,3,356,4,88791109.0,4,20,0,0,0.0,121,F#,Minor
3245,Thinkinï¿½ï¿½ï¿½ B,Morgan Wallen,1,2023,3,3,604,6,125917280.0,22,101,0,0,66.0,140,D#,Minor
4974,Private Landing (feat. Justin Bieber & Future),"Don Toliver, Future, Justin Bieber",3,2023,2,23,1190,0,105062254.0,29,3,18,0,19.0,137,C#,Minor
2695,Everything I Love,Morgan Wallen,1,2023,1,31,579,0,95623148.0,11,54,0,0,103.0,104,G#,Major
3587,Heaven,Niall Horan,1,2023,2,17,1553,2,144584800.0,61,6,48,0,150.0,92,F,Major
4069,LET GO,Central Cee,1,2022,12,15,2301,20,298063749.0,49,23,110,0,8.0,146,D,Minor
4054,Sial,Mahalini,1,2023,1,23,134,4,166570053.0,4,6,0,0,23.0,120,D,Major
3236,I Wrote The Book,Morgan Wallen,1,2023,1,31,430,0,83021468.0,15,17,0,0,0.0,144,D,Major
3367,"Apna Bana Le (From ""Bhediya"")","Arijit Singh, Sachin-Jigar",2,2022,11,5,86,0,139836056.0,11,101,0,0,48.0,94,A,Major
2321,SPIT IN MY FACE!,ThxSoMch,1,2022,10,31,629,14,303216294.0,32,3,9,0,0.0,94,G#,Major
2263,PLAYA DEL INGLï¿½,"Myke Towers, Quevedo",2,2022,12,15,1701,15,221409663.0,30,15,34,2,47.0,113,G,Minor
3897,Man Made A Bar (feat. Eric Church),"Morgan Wallen, Eric Church",2,2023,3,3,329,0,58890931.0,14,35,1,0,0.0,148,E,Major
4341,Red Ruby Da Sleeze,Nicki Minaj,1,2023,3,3,1168,0,81419389.0,45,11,20,0,21.0,98,C#,Major
3595,Kahani Suno 2.0,Kaifi Khalil,1,2022,5,31,162,6,156777415.0,1,10,1,0,1.0,140,B,Major
2002,Nobody Gets Me,SZA,1,2022,12,9,2536,6,284908316.0,59,100,58,13,2.0,100,G,Major
4871,PERO Tï¿,"Karol G, Quevedo",2,2023,2,23,387,11,93438910.0,11,15,14,3,1.0,140,F#,Major
2212,Hype Boy,NewJeans,1,2022,8,1,892,17,363472647.0,20,119,12,2,7.0,100,E,Minor
2280,Bloody Mary,Lady Gaga,1,2011,1,1,3909,0,372476382.0,66,26,277,3,734.0,100,A,Minor
4483,Monotonï¿½,"Ozuna, Shakira",2,2022,10,19,3645,15,380726517.0,118,34,150,4,19.0,132,Unknown,Minor
4558,ýýý98 Braves,Morgan Wallen,1,2023,3,3,282,0,56533272.0,6,15,0,0,0.0,142,D,Major
4644,WANDA,Quevedo,1,2023,1,20,888,22,175399345.0,11,24,7,1,7.0,176,E,Minor
2167,Thought You Should Know,Morgan Wallen,1,2022,5,6,968,4,203221468.0,16,53,1,0,61.0,140,F#,Major
4850,In The End,Linkin Park,1,2000,10,24,25065,6,1624165576.0,63,0,6808,2,0.0,105,D#,Minor
3788,Zona De Perigo,Leo Santana,1,2022,12,8,531,4,134294498.0,20,1,71,2,0.0,135,F,Major
3636,Lovezinho,Treyce,1,2022,7,28,242,0,70069745.0,12,2,13,0,4.0,128,E,Minor
3288,I Like You (A Happier Song) (with Doja Cat),"Post Malone, Doja Cat",2,2022,6,3,5281,14,609293408.0,94,21,80,15,38.0,101,F,Major
2900,Neverita,Bad Bunny,1,2022,5,6,2590,30,671365962.0,20,64,35,6,0.0,122,A#,Major
4460,Vista Al Mar,Quevedo,1,2022,9,8,1769,34,362361576.0,16,19,21,3,4.0,105,Unknown,Minor
2018,Sem Alianï¿½ï¿½a no ,"MC Xenon, Os Gemeos da Putaria",2,2022,12,23,454,4,93587665.0,6,1,21,0,1.0,83,C#,Major
4260,Enemy (with JID) - from the series Arcane League of Legends,"Imagine Dragons, League of Legends, JID, Arcane",4,2021,9,3,6180,7,1223481149.0,122,88,580,21,10.0,77,B,Minor
4310,Revenge,XXXTENTACION,1,2017,8,25,3600,11,1022258230.0,7,0,203,0,2.0,140,B,Minor
4543,Bombonzinho - Ao Vivo,"Israel & Rodolffo, Ana Castela",2,2022,11,3,1254,6,263453310.0,26,69,73,2,6.0,158,C#,Major
4818,LA CANCIï¿½,"J Balvin, Bad Bunny",2,2019,6,28,6398,31,1435127549.0,177,109,305,3,5.0,176,G,Major
2374,Quï¿½ï¿½ Ago,"Yuridia, Angela Aguilar",2,2022,10,20,660,15,236857112.0,19,59,18,5,52.0,98,B,Major
2543,Love Again,The Kid Laroi,1,2023,1,27,1283,0,147538971.0,57,4,48,0,0.0,107,B,Minor
4478,After Hours,The Weeknd,1,2020,2,19,8084,6,698086140.0,45,115,218,1,221.0,109,F,Minor
4601,About Damn Time,Lizzo,1,2022,7,15,2332,2,723894473.0,0,0,25,0,0.0,109,A#,Minor
4401,Born With A Beer In My Hand,Morgan Wallen,1,2023,3,3,203,0,34450974.0,5,9,0,0,0.0,148,Unknown,Major
2531,ýýýýýýýýýýýýýýýýýýýýý,Fujii Kaze,1,2020,5,20,685,14,403097450.0,24,94,9,0,23.0,158,F#,Minor
2813,Besos Moja2,"Wisin & Yandel, ROSALï¿½",2,2022,9,29,2460,13,309483971.0,53,7,56,3,1.0,94,F,Minor
2987,Maan Meri Jaan,King,1,2022,10,12,288,6,319566866.0,11,80,1,0,8.0,96,F#,Minor
3849,Moscow Mule,Bad Bunny,1,2022,5,6,4572,33,909001996.0,74,113,85,9,2.0,100,F,Minor
3411,My Universe,"Coldplay, BTS",2,2021,9,24,6127,13,1061966512.0,0,0,0,0,0.0,105,A,Major
2566,Devil Donï¿½ï¿½ï¿½,Morgan Wallen,1,2023,3,3,166,0,32526947.0,2,10,0,0,0.0,125,Unknown,Major
2717,LLYLM,ROSALï¿½,1,2023,1,27,1838,0,124988687.0,105,41,114,1,59.0,170,F#,Minor
4419,I'm Not Here To Make Friends,"Sam Smith, Calvin Harris, Jessie Reyez",3,2023,1,27,1890,0,103787664.0,86,1,49,0,9.0,115,Unknown,Major
4509,TRUSTFALL,P!nk,1,2023,1,27,2098,16,134255790.0,88,24,101,7,451.0,122,G#,Major
4591,ANTIFRAGILE,LE SSERAFIM,1,2022,10,17,761,12,301051721.0,23,95,11,0,3.0,105,A#,Minor
4076,Boy's a liar,PinkPantheress,1,2022,11,30,1225,0,156338624.0,27,0,28,13,0.0,133,F,Major
2489,VIBE (feat. Jimin of BTS),"TAEYANG, Jimin",2,2023,1,13,415,2,152850295.0,15,40,21,1,15.0,100,Unknown,Major
2255,Shirt,SZA,1,2022,10,28,3469,0,309653982.0,71,95,31,0,2.0,120,D#,Minor
2305,Lift Me Up - From Black Panther: Wakanda Forever - Music From and Inspired By,Rihanna,1,2022,10,28,3311,0,297328960.0,129,31,212,1,41.0,177,A,Major
3744,STAR WALKIN' (League of Legends Worlds Anthem),Lil Nas X,1,2022,9,22,2616,0,332506354.0,113,17,208,0,192.0,142,D,Minor
4369,"Sex, Drugs, Etc.",Beach Weather,1,2016,11,4,3006,16,480507035.0,47,60,87,12,124.0,144,E,Minor
2567,Boy With Luv (feat. Halsey),"Halsey, BTS",2,2019,4,12,4260,0,1065580332.0,113,92,259,0,1.0,120,B,Minor
4203,"Hey, Mickey!",Baby Tate,1,2016,9,27,482,0,122763672.0,9,1,12,4,3.0,135,D,Major
2188,Calm Down,Rï¿½ï,1,2022,2,9,4013,10,445763624.0,107,44,750,22,0.0,107,B,Major
4279,Jhoome Jo Pathaan,"Arijit Singh, Vishal Dadlani, Sukriti Kakar, Vishal-Shekhar, Shekhar Ravjiani, Kumaar",6,2022,12,22,138,4,1365184.0,13,78,2,0,0.0,105,G,Major
4217,Escapism. - Sped Up,"RAYE, 070 Shake",2,2022,11,25,1368,0,184308753.0,12,1,11,0,8.0,108,F#,Minor
3130,Space Song,Beach House,1,2015,1,1,17852,4,789753877.0,69,76,335,0,0.0,147,Unknown,Minor
4722,Dreamers [Music from the FIFA World Cup Qatar 2022 Official Soundtrack],"BTS, Jung Kook, FIFA Sound",3,2022,11,20,889,20,323358833.0,11,78,35,0,21.0,115,Unknown,Major
4084,Te Felicito,"Shakira, Rauw Alejandro",2,2022,4,21,4796,9,606361689.0,124,66,212,13,1.0,174,F,Major
4177,Muï¿½ï¿½,"Steve Aoki, Tini, La Joaqui",3,2023,1,12,658,6,120972253.0,33,7,53,2,0.0,90,A#,Minor
3646,TV,Billie Eilish,1,2022,7,21,3009,2,338564981.0,68,89,65,0,25.0,141,E,Minor
4140,I'm Not The Only One,Sam Smith,1,2014,1,1,17492,3,1606986953.0,136,24,1959,0,30.0,82,F,Major
3686,Heather,Conan Gray,1,2020,3,20,6170,7,1301799902.0,82,1,231,0,2.0,92,F,Major
3487,"Besharam Rang (From ""Pathaan"")","Vishal-Shekhar, Shilpa Rao, Caralisa Monteiro, Kumaar, Vishal Dadlani, Shekhar Ravjiani",6,2022,12,12,130,4,140187018.0,21,79,2,0,0.0,116,G#,Minor
3952,One Kiss (with Dua Lipa),"Calvin Harris, Dua Lipa",2,2017,6,2,27705,10,1897517891.0,537,122,2726,6,0.0,124,A,Minor
4889,Sugar Rush Ride,TOMORROW X TOGETHER,1,2023,1,27,359,0,107642809.0,12,56,13,0,13.0,125,A#,Minor
2144,Pink Venom,BLACKPINK,1,2022,8,19,1963,16,551305895.0,57,119,77,1,13.0,90,Unknown,Major
3756,WAIT FOR U (feat. Drake & Tems),"Drake, Future, Tems",3,2022,4,27,5491,14,556585270.0,128,84,75,0,35.0,83,C#,Major
2659,Don't Start Now,Dua Lipa,1,2019,10,31,27119,0,2303033973.0,532,77,1535,3,8.0,124,B,Minor
3098,After Dark,Mr.Kitty,1,2014,8,8,1776,14,646886885.0,1,9,3,0,0.0,140,G#,Major
4651,Eu Gosto Assim - Ao Vivo,"Gustavo Mioto, Mari Fernandez",2,2022,9,16,1473,4,222612678.0,27,64,66,1,4.0,154,Unknown,Major
4531,INDUSTRY BABY (feat. Jack Harlow),"Jack Harlow, Lil Nas X",2,2021,7,23,13315,0,1814349763.0,300,47,690,0,0.0,150,D#,Minor
3588,MIDDLE OF THE NIGHT,Elley Duhï¿,1,2020,1,10,4057,8,872137015.0,78,21,240,1,52.0,186,E,Minor
4799,Atlantis,Seafret,1,2015,4,22,3045,6,571386359.0,43,53,134,1,32.0,166,G#,Minor
3089,PUNTO 40,"Baby Rasta, Rauw Alejandro",2,2022,9,22,3006,12,304079786.0,54,32,66,2,0.0,107,Unknown,Major
4118,Evoque Prata,"DJ Escobar, MC MENOR SG, MC MENOR HR",3,2022,9,9,852,0,174006928.0,14,1,50,0,0.0,87,G,Major
3335,How Do I Say Goodbye,Dean Lewis,1,2022,8,5,2163,15,284785823.0,72,97,58,0,154.0,82,G#,Major
2839,Blind,SZA,1,2022,12,9,1484,0,163284000.0,22,51,12,0,0.0,114,A,Minor
3672,Die For You,Joji,1,2022,11,4,1703,0,246390068.0,38,45,36,16,0.0,148,G#,Major
4709,Doja,Central Cee,1,2022,7,20,4169,44,482257456.0,57,44,183,1,11.0,140,F#,Major
2813,Gatita,Bellakath,1,2022,10,3,1054,0,168684524.0,9,0,15,0,1.0,101,G,Major
4720,Rumble,"Skrillex, Flowdan, Fred again..",3,2022,1,17,2849,0,78489819.0,39,45,27,0,1.0,140,C#,Minor
4587,Niagara Falls (Foot or 2) [with Travis Scott & 21 Savage],"Travis Scott, 21 Savage, Metro Boomin",3,2022,12,2,1602,0,195516622.0,12,22,12,0,2.0,88,G,Minor
2589,Yonaguni,Bad Bunny,1,2021,6,4,9644,28,1260594497.0,120,86,164,4,0.0,180,C#,Major
3354,Super Freaky Girl,Nicki Minaj,1,2022,8,12,4827,0,428685680.0,104,17,76,9,2.0,133,D,Major
3192,Running Up That Hill (A Deal With God),Kate Bush,1,1985,9,16,21811,0,1024858327.0,117,1,676,3,0.0,108,A#,Minor
2047,Dream On,Aerosmith,1,1973,1,5,168,0,838586769.0,0,0,5,0,0.0,80,F,Minor
4145,Limbo,Freddie Dredd,1,2022,8,11,688,0,199386237.0,14,1,17,0,2.0,75,B,Minor
3883,Where Are You Now,"Lost Frequencies, Calum Scott",2,2021,7,30,10565,44,972509632.0,238,122,557,17,58.0,121,F#,Minor
3002,WORTH NOTHING,"Twisted, Oliver Tree",2,2022,9,28,1612,0,213438580.0,34,54,34,0,2.0,140,D,Minor
3364,Bad Habits,Ed Sheeran,1,2020,9,3,12755,8,1555511105.0,344,97,945,15,0.0,126,B,Minor
2441,KICK BACK,Kenshi Yonezu,1,2022,10,12,574,4,210038833.0,38,101,26,0,0.0,102,C#,Major
4573,Evergreen (You Didnï¿½ï¿½ï¿½t Deserve Me A,Omar Apollo,1,2022,4,8,2499,0,227918678.0,70,0,49,0,0.0,82,A,Major
2197,Good Days,SZA,1,2020,12,24,10426,2,826623384.0,133,109,182,1,10.0,121,C#,Minor
4709,Levitating (feat. DaBaby),"Dua Lipa, DaBaby",2,2020,3,27,15894,8,1802514301.0,198,13,544,0,60.0,103,F#,Minor
2012,Woman,Doja Cat,1,2021,6,25,9424,0,1329090101.0,202,50,463,4,0.0,108,F,Minor
3123,Shut up My Moms Calling - (Sped Up),Hotel Ugly,1,2022,9,14,713,7,181831132.0,2,4,6,0,0.0,85,F,Minor
3473,Ferrari,"James Hype, Miggy Dela Rosa",2,2022,3,14,7758,28,462791599.0,173,79,175,0,168.0,125,C#,Minor
3157,"You're On Your Own, Kid",Taylor Swift,1,2022,10,21,2537,2,348647203.0,8,18,20,0,1.0,120,D,Major
3244,"Kesariya (From ""Brahmastra"")","Pritam, Arijit Singh, Amitabh Bhattacharya",3,2022,7,17,292,6,366599607.0,26,98,4,0,0.0,94,Unknown,Major
2222,Agudo Mï¿½ï¿½gi,"Styrx, utku INC, Thezth",3,1930,1,1,323,0,90598517.0,4,0,14,0,0.0,130,F#,Minor
2461,Payphone,"Maroon 5, Wiz Khalifa",2,2012,1,1,14143,4,1479264469.0,56,38,1891,1,0.0,110,E,Major
3671,All I Want for Christmas Is You,Mariah Carey,1,1994,10,28,25653,0,1449779435.0,387,132,2094,0,0.0,150,G,Major
4388,Last Christmas,Wham!,1,1984,1,1,22153,0,1159176109.0,274,111,1302,0,0.0,107,B,Minor
4497,Rockin' Around The Christmas Tree,Brenda Lee,1,1958,1,1,14994,0,769213520.0,191,168,206,0,0.0,140,G#,Major
4785,Jingle Bell Rock,Bobby Helms,1,1957,1,1,10326,0,741301563.0,165,99,104,0,0.0,119,D,Major
4531,It's Beginning To Look A Lot Like Christmas,Michael Bublï¿,1,2011,10,14,12353,0,807561936.0,35,0,549,0,0.0,93,E,Major
2332,Santa Tell Me,Ariana Grande,1,2013,12,13,9408,0,834129063.0,231,106,439,0,0.0,133,G,Major
3262,It's the Most Wonderful Time of the Year,Andy Williams,1,1963,10,14,8879,0,663832097.0,182,107,160,0,1.0,202,G,Major
4917,Let It Snow! Let It Snow! Let It Snow!,Dean Martin,1,1959,11,16,6512,0,446390129.0,88,1,277,0,0.0,134,C#,Major
2187,Snowman,Sia,1,2017,1,1,5140,0,690104769.0,85,110,500,0,0.0,105,C#,Major
4152,Underneath the Tree,Kelly Clarkson,1,2013,10,25,6596,0,485285717.0,144,99,251,0,0.0,160,G#,Major
4801,Feliz Navidad,Josï¿½ï¿½ Felic,1,1970,11,1,3788,0,520034544.0,21,3,10,0,0.0,148,D,Major
3755,Holly Jolly Christmas,Michael Bublï¿,1,2011,10,14,7655,0,476244795.0,5,0,291,0,0.0,151,G,Major
4780,Mistletoe,Justin Bieber,1,2011,1,1,9577,0,629173063.0,195,111,310,0,0.0,162,F#,Minor
3132,Sleigh Ride,The Ronettes,1,1963,11,22,10114,0,404664135.0,114,74,262,0,0.0,92,D,Major
3635,Seek & Destroy,SZA,1,2022,12,9,1007,0,98709329.0,5,31,1,0,0.0,152,C#,Major
2719,Love Language,SZA,1,2022,12,9,1127,0,110849052.0,16,63,8,0,0.0,65,A,Minor
4349,Happy Xmas (War Is Over),"John Lennon, The Harlem Community Choir, The Plastic Ono Band, Yoko Ono",4,1971,12,1,10829,0,460492795.0,130,1,390,0,0.0,147,D,Major
4094,Used (feat. Don Toliver),"SZA, Don Toliver",2,2022,12,8,1042,0,94005786.0,7,29,3,0,0.0,150,A#,Minor
2387,A Holly Jolly Christmas - Single Version,Burl Ives,1,1952,1,1,7930,0,395591396.0,108,120,73,0,0.0,140,Unknown,Major
2456,The Christmas Song (Merry Christmas To You) - Remastered 1999,Nat King Cole,1,1946,11,1,11500,0,389771964.0,140,72,251,0,0.0,139,C#,Major
3346,Wonderful Christmastime - Edited Version / Remastered 2011,Paul McCartney,1,1979,11,16,1685,0,403939487.0,1,0,29,0,0.0,95,B,Major
4729,Do They Know It's Christmas? - 1984 Version,Band Aid,1,1984,11,25,14169,0,481697415.0,209,30,449,0,0.0,115,Unknown,Major
2806,Ghost in the Machine (feat. Phoebe Bridgers),"SZA, Phoebe Bridgers",2,2022,12,9,1634,0,110073250.0,16,20,4,0,0.0,125,F#,Major
2582,Special,SZA,1,2022,12,9,906,0,88092256.0,6,21,3,0,0.0,76,Unknown,Major
2323,Merry Christmas Everyone,Shakin' Stevens,1,1984,1,1,1087,0,351636786.0,90,35,5,0,0.0,101,C#,Minor
2156,Let It Snow! Let It Snow! Let It Snow!,"Frank Sinatra, B. Swanson Quartet",2,1950,1,1,10585,0,473248298.0,126,108,406,0,0.0,143,D,Major
3734,SOS,SZA,1,2022,12,9,827,0,73981293.0,6,18,1,0,0.0,119,G,Minor
4399,Open Arms (feat. Travis Scott),"SZA, Travis Scott",2,2022,12,8,1420,4,155653938.0,13,87,17,0,46.0,78,A,Major
3427,White Christmas,"Bing Crosby, John Scott Trotter & His Orchestra, Ken Darby Singers",3,1942,1,1,11940,0,395591396.0,73,79,123,0,0.0,96,A,Major
2750,Driving Home for Christmas - 2019 Remaster,Chris Rea,1,1986,1,1,888,0,429504768.0,50,0,6,0,0.0,180,A,Major
2239,Christmas (Baby Please Come Home),Darlene Love,1,1963,11,22,9122,0,242767149.0,121,58,212,0,0.0,126,D#,Major
2942,Gone Girl,SZA,1,2022,12,9,892,0,65362788.0,3,17,2,0,0.0,150,F,Major
4128,F2F,SZA,1,2022,12,9,989,0,67540165.0,5,9,1,0,0.0,90,D,Major
2487,Notice Me,SZA,1,2022,12,9,819,0,62019074.0,14,22,0,0,0.0,160,F,Major
3411,Merry Christmas,"Ed Sheeran, Elton John",2,2017,11,10,2209,0,135723538.0,72,90,141,0,0.0,114,Unknown,Major
2228,It's Beginning to Look a Lot Like Christmas (with Mitchell Ayres & His Orchestra),"Perry Como, The Fontane Sisters, Mitchell Ayres & His Orchestra",3,1958,1,1,6290,0,295998468.0,89,39,158,0,0.0,113,G,Major
3090,My Only Wish (This Year),Britney Spears,1,2000,11,7,6952,0,261116938.0,115,53,286,0,0.0,147,Unknown,Major
3337,Antidepresan,"Mabel Matiz, Mert Demir",2,2022,11,4,313,2,136689549.0,10,6,7,1,9.0,100,B,Minor
2312,Wild Flower (with youjeen),RM,1,2022,12,2,353,2,135611421.0,2,74,14,0,2.0,155,G#,Major
3615,I Hate U,SZA,1,2021,12,3,4094,0,356709897.0,66,96,43,0,0.0,107,G,Minor
2186,Raindrops (Insane) [with Travis Scott],"Travis Scott, Metro Boomin",2,2022,12,2,880,0,110649992.0,3,7,10,0,0.0,112,G#,Major
3460,SPIT IN MY FACE!,ThxSoMch,1,2022,10,31,573,0,301869854.0,1,0,18,0,24.0,166,C#,Major
3976,Deck The Hall - Remastered 1999,Nat King Cole,1,1959,1,1,3299,0,127027715.0,65,39,41,0,0.0,107,F#,Minor
4123,Smoking on my Ex Pack,SZA,1,2022,12,9,811,0,57144458.0,6,11,3,0,0.0,81,G#,Major
3320,Conceited,SZA,1,2022,12,9,899,0,56870689.0,2,14,2,0,0.0,150,C#,Major
4737,Snow On The Beach (feat. Lana Del Rey),"Taylor Swift, Lana Del Rey",2,2022,10,21,2415,0,323437194.0,33,57,30,0,11.0,110,A,Major
3653,Maroon,Taylor Swift,1,2022,10,21,2304,0,317726339.0,12,16,14,0,0.0,108,G,Major
2155,Tubarï¿½ï¿½o Te,"Dj LK da Escï¿½ï¿½cia, Tchakabum, mc jhenny, M",4,2022,9,28,1003,0,116144341.0,21,0,44,0,0.0,130,E,Minor
3798,Bejeweled,Taylor Swift,1,2022,10,21,2699,0,328207708.0,39,35,22,2,0.0,164,G,Major
4343,Tarot,"Bad Bunny, Jhay Cortez",2,2022,5,6,2482,20,608228647.0,27,77,22,2,0.0,114,B,Minor
3787,You Make It Feel Like Christmas (feat. Blake Shelton),"Gwen Stefani, Blake Shelton",2,2005,9,20,2577,0,180577478.0,108,56,30,0,0.0,93,F,Major
4086,Desesperados,"Chencho Corleone, Rauw Alejandro",2,2021,6,25,6821,34,809306935.0,83,58,128,7,0.0,90,C#,Minor
3336,Too Late,SZA,1,2022,12,8,714,0,49262961.0,0,9,2,0,0.0,128,B,Major
4622,Party,"Bad Bunny, Rauw Alejandro",2,2022,5,6,3185,4,614555082.0,38,64,37,3,36.0,97,A,Major
2738,Run Rudolph Run - Single Version,Chuck Berry,1,1958,1,1,8612,0,245350949.0,120,30,52,0,1.0,152,G,Minor
4835,Jingle Bells - Remastered 1999,Frank Sinatra,1,1957,1,1,4326,0,178660459.0,32,3,65,0,0.0,175,G#,Major
3071,Far,SZA,1,2022,12,9,680,0,51641685.0,2,15,1,0,0.0,116,D,Major
3769,On Time (with John Legend),"John Legend, Metro Boomin",2,2022,12,2,398,0,78139948.0,2,2,6,0,2.0,80,F,Minor
4944,GATï¿½ï¿½,"Maldy, Karol G",2,2022,8,25,3328,13,322336177.0,39,50,57,3,1.0,93,B,Minor
3723,ýýýabcdefu,Gayle,1,2021,8,13,7215,0,1007612429.0,170,12,575,18,0.0,122,E,Major
2301,Sacrifice,The Weeknd,1,2022,1,7,4440,0,326792833.0,81,77,133,0,0.0,122,G,Major
3227,Is There Someone Else?,The Weeknd,1,2022,1,7,2881,6,391251368.0,13,89,34,0,3.0,135,A,Minor
2323,Fingers Crossed,"Lauren Spencer Smith, Lauren Spencer Smith, Lauren Spencer Smith",3,2022,1,5,2235,0,349585590.0,65,7,70,16,6.0,109,F,Major
2306,Out of Time,The Weeknd,1,2022,1,7,3711,0,339659802.0,49,88,62,0,0.0,93,Unknown,Minor
2743,Do It To It,"Cherish, ACRAZE",2,2021,8,20,12403,0,674772936.0,183,63,465,0,11.0,125,B,Minor
3049,We Don't Talk About Bruno,"Adassa, Mauro Castillo, Stephanie Beatriz, Encanto - Cast, Rhenzy Feliz, Diane Guerrero, Carolina Gaitan",7,2021,11,19,2785,0,432719968.0,95,89,44,0,0.0,206,Unknown,Minor
2030,Pepas,Farruko,1,2021,6,24,14114,17,1309887447.0,252,109,965,20,0.0,130,G,Major
2767,How Do I Make You Love Me?,The Weeknd,1,2022,1,7,1915,0,119238316.0,7,47,15,0,0.0,121,G,Minor
2448,Gasoline,The Weeknd,1,2022,1,7,2297,0,116903579.0,11,29,14,0,0.0,123,F#,Minor
4310,Infinity,Jaymes Young,1,2017,6,23,4375,0,888046992.0,24,0,396,0,0.0,122,B,Minor
3581,Less Than Zero,The Weeknd,1,2022,1,7,2800,0,200660871.0,18,77,61,0,1.0,143,Unknown,Major
3938,Take My Breath,The Weeknd,1,2021,8,6,2597,0,130655803.0,17,80,38,0,0.0,121,A#,Minor
3202,good 4 u,Olivia Rodrigo,1,2021,5,14,15563,6,1887039593.0,259,55,461,1,0.0,166,F#,Minor
4914,"Here We Goï¿½ï¿½ï¿½ Again (feat. Tyler, the Cr","The Weeknd, Tyler, The Creator",3,2022,1,7,1420,0,88103848.0,7,18,7,0,0.0,135,C#,Major
2528,Best Friends,The Weeknd,1,2022,1,7,1292,0,101114984.0,3,18,14,0,0.0,87,E,Minor
4595,Kiss Me More (feat. SZA),"SZA, Doja Cat",2,2021,4,9,15867,0,1575467011.0,382,65,497,0,12.0,111,G#,Major
2737,I Heard You're Married (feat. Lil Wayne),"The Weeknd, Lil Wayne",2,2022,1,7,1178,0,91656026.0,9,10,9,0,0.0,110,D,Major
3330,Need To Know,Doja Cat,1,2021,6,11,6672,0,1042568408.0,125,36,150,0,0.0,130,C#,Major
2833,MONTERO (Call Me By Your Name),Lil Nas X,1,2020,9,18,12329,0,1735441776.0,275,19,738,0,0.0,179,G#,Minor
3959,love nwantiti (ah ah ah),Ckay,1,2019,7,26,5669,2,726837877.0,74,0,262,14,0.0,93,F,Minor
3556,Dawn FM,The Weeknd,1,2022,1,7,811,0,53933526.0,1,8,6,0,0.0,78,A,Minor
2831,Surface Pressure,Jessica Darrow,1,2021,11,19,1756,0,267758538.0,38,48,20,0,0.0,180,D,Major
3254,Starry Eyes,The Weeknd,1,2022,1,7,1014,0,74601456.0,1,17,11,0,0.0,86,A,Minor
4273,THATS WHAT I WANT,Lil Nas X,1,2021,9,17,7963,0,920797189.0,173,7,298,0,4.0,88,C#,Minor
3092,One Right Now (with The Weeknd),"The Weeknd, Post Malone",2,2021,11,5,4771,0,539595276.0,68,18,75,0,1.0,97,C#,Major
3738,Beggin,Mï¿½ï¿½ne,1,2017,12,8,8559,0,1367810478.0,183,64,964,9,75.0,134,B,Minor
3979,Mon Amour - Remix,"Aitana, zzoilo",2,2020,9,21,3221,2,578207856.0,67,13,139,0,40.0,116,D,Major
4320,Lo Siento BB:/ (with Bad Bunny & Julieta Venegas),"Julieta Venegas, Bad Bunny, Tainy",3,2021,10,5,3423,26,775542072.0,61,65,53,6,0.0,170,E,Minor
4772,MONEY,Lisa,1,2021,9,10,2566,13,863625566.0,44,109,131,0,0.0,140,C#,Minor
3660,The Motto,"Tiï¿½ï¿½sto, Ava",2,2021,11,4,9151,6,656013912.0,240,107,268,0,5.0,118,G,Minor
4132,Happier Than Ever,Billie Eilish,1,2021,7,30,8476,0,1056760045.0,138,133,283,0,0.0,65,Unknown,Major
4870,Moth To A Flame (with The Weeknd),"The Weeknd, Swedish House Mafia",2,2021,10,22,7495,17,611994237.0,114,172,284,2,0.0,120,Unknown,Minor
3114,traitor,"Juan Cruz Toledo, Huilen Toledo",2,2021,5,21,5257,6,1230855859.0,85,43,134,0,0.0,176,D#,Major
2175,Toxic,BoyWithUke,1,2021,9,10,1795,0,582981380.0,34,23,118,0,0.0,180,G#,Minor
2555,drivers license,Olivia Rodrigo,1,2021,1,8,12685,3,1858144199.0,185,61,485,0,0.0,144,A#,Major
3380,Malvadï¿½ï¿,"Xamï¿½ï¿½, Gustah, Neo B",3,2021,11,30,648,1,240684449.0,14,3,81,0,0.0,133,F#,Minor
2367,All Too Well (10 Minute Version) (Taylor's Version) (From The Vault),Taylor Swift,1,2021,11,12,4635,5,583687007.0,50,49,30,1,2.0,93,Unknown,Major
3687,Donï¿½ï¿½ï¿½t Break My,The Weeknd,1,2022,1,7,1184,0,63803529.0,1,5,6,0,0.0,122,A#,Major
2176,Oh My God,Adele,1,2021,11,19,4431,0,466214729.0,105,7,199,0,0.0,88,C#,Major
3053,Entre Nosotros (Remix) [con Nicki Nicole],"Lit Killah, Maria Becerra, Tiago pzk, NICKI NICOLE",4,2022,1,5,759,3,236940480.0,32,0,12,0,0.0,170,F,Minor
2029,A Tale By Quincy,The Weeknd,1,2022,1,7,733,0,41924466.0,0,2,2,0,0.0,94,F,Minor
4790,I AM WOMAN,Emmy Meli,1,2021,11,18,2795,0,225259194.0,45,0,107,0,0.0,170,A#,Major
4388,Medallo,"Justin Quiles, Lenny Tavï¿½ï¿½rez, BL",3,2021,10,27,2780,2,393230256.0,54,21,57,1,0.0,90,E,Minor
4301,It'll Be Okay,Shawn Mendes,1,2021,12,1,1950,0,287201015.0,56,8,104,0,10.0,78,G,Major
3505,Softcore,The Neighbourhood,1,2018,3,9,3947,12,599770206.0,33,102,93,0,30.0,94,D,Major
3700,Super Gremlin,Kodak Black,1,2021,10,30,2551,0,342779426.0,52,15,35,0,1.0,73,D,Major
3727,Volvï¿,"Aventura, Bad Bunny",2,2021,8,3,5375,10,673801126.0,138,24,133,0,1.0,176,C#,Major
2613,Todo De Ti,Rauw Alejandro,1,2020,11,2,11975,8,1168642797.0,188,75,268,6,16.0,128,D#,Minor
4477,Love Nwantiti - Remix,"Ckay, AX'EL, Dj Yo!",3,2019,8,30,2696,0,540539717.0,42,2,57,0,0.0,120,G#,Major
4431,Smokin Out The Window,"Bruno Mars, Anderson .Paak, Silk Sonic",3,2021,11,5,4963,0,383550148.0,63,40,76,0,0.0,82,D,Major
3537,Meet Me At Our Spot,"THE ANXIETY, Willow, Tyler Cole",3,2020,3,13,6734,0,530511203.0,47,14,90,0,1.0,95,D,Major
4082,Every Angel is Terrifying,The Weeknd,1,2022,1,7,715,0,37307967.0,0,1,2,0,0.0,118,Unknown,Major
4074,Tacones Rojos,Sebastian Yatra,1,2021,10,22,3047,9,510876816.0,77,31,85,5,28.0,123,B,Minor
4442,Peaches (feat. Daniel Caesar & Giveon),"Justin Bieber, Daniel Caesar, Giveon",3,2021,3,19,14140,0,1445941661.0,231,52,612,6,0.0,90,Unknown,Major
2645,Dakiti,"Bad Bunny, Jhay Cortez",2,2020,10,30,11215,21,1763363713.0,189,166,525,9,25.0,110,E,Minor
2649,"Tiago PZK: Bzrp Music Sessions, Vol. 48","Bizarrap, Tiago pzk",2,2021,12,29,1678,12,374191487.0,20,4,15,1,3.0,96,C#,Minor
2746,Lï¿½ï¿½ï¿,Stromae,1,2022,1,9,2035,0,108809090.0,41,122,394,0,2.0,88,D,Minor
3534,Nostï¿½ï¿½l,"Chris Brown, Rvssian, Rauw Alejandro",3,2021,9,8,2780,2,436695353.0,86,76,59,0,16.0,98,A,Minor
3886,Better Days (NEIKED x Mae Muller x Polo G),"NEIKED, Mae Muller, Polo G",3,2021,9,24,4091,0,421040617.0,105,2,73,13,1.0,110,Unknown,Minor
3644,Life Goes On,Oliver Tree,1,2020,7,17,2868,0,501541661.0,43,15,116,0,0.0,80,Unknown,Major
2801,Sad Girlz Luv Money Remix (feat. Kali Uchis),"Kali Uchis, Amaarae, Moliy",3,2021,9,16,3643,0,354065229.0,69,3,70,0,3.0,110,C#,Minor
3444,Butter,BTS,1,2021,5,21,4779,6,1143647827.0,180,135,223,0,5.0,110,G#,Major
2964,pushin P (feat. Young Thug),"Young Thug, Future, Gunna",3,2022,1,7,3517,0,311395144.0,54,28,43,0,0.0,78,C#,Minor
3340,You Right,"Doja Cat, The Weeknd",2,2021,6,24,5073,0,672656250.0,83,9,100,0,4.0,129,G#,Major
2776,deja vu,Olivia Rodrigo,1,2021,4,1,7545,4,1256880657.0,117,39,141,0,46.0,181,A,Major
3451,Dynamite,BTS,1,2020,8,21,8528,5,1692897992.0,239,163,583,0,0.0,114,F#,Minor
2155,TO THE MOON,Jnr Choi,1,2021,11,5,2979,0,245095641.0,44,0,159,0,0.0,144,D,Major
4008,Lost in the Fire,"The Weeknd, Gesaffelstein",2,2019,1,11,7731,2,686734357.0,110,145,447,0,46.0,101,D,Major
3807,Salimo de Noche,"Trueno, Tiago pzk",2,2021,10,21,1057,0,261414174.0,17,5,21,0,0.0,84,D,Major
3641,Volando - Remix,"Sech, Bad Bunny, Mora",3,2021,7,8,3272,19,610045621.0,101,34,70,1,2.0,154,F#,Major
2614,Leave The Door Open,"Bruno Mars, Anderson .Paak, Silk Sonic",3,2021,3,5,14417,0,1115880852.0,237,123,569,0,10.0,148,F,Major
4774,Knife Talk (with 21 Savage ft. Project Pat),"Drake, Project Pat, 21 Savage",3,2021,9,3,5199,0,594482982.0,45,43,45,0,3.0,146,F,Minor
4178,Don't Be Shy,"Tiï¿½ï¿½sto, Kar",2,2021,8,1,6026,0,566954746.0,171,51,187,1,21.0,120,B,Minor
3166,LA FAMA (with The Weeknd),"The Weeknd, ROSALï¿½",2,2021,11,11,4640,3,374706940.0,81,93,507,6,4.0,136,Unknown,Minor
2766,The Family Madrigal,"Olga Merediz, Stephanie Beatriz, Encanto - Cast",3,2021,11,19,1150,0,184937148.0,20,38,12,0,0.0,141,C#,Major
2273,Phantom Regret by Jim,The Weeknd,1,2022,1,7,768,0,31959571.0,1,1,3,0,0.0,108,A,Minor
2086,Dos Oruguitas,Sebastian Yatra,1,2021,11,19,925,0,167076418.0,24,47,74,0,0.0,94,Unknown,Major
2300,Freaks,Surf Curse,1,2015,5,10,3006,3,824420218.0,23,21,121,0,13.0,180,A,Major
4228,Acapulco,Jason Derulo,1,2021,9,1,3098,0,363467642.0,111,5,182,1,0.0,122,A#,Major
3632,Daddy Issues,The Neighbourhood,1,2015,10,30,9771,4,1127468248.0,42,70,384,0,3.0,85,A#,Major
2696,thought i was playing,"21 Savage, Gunna",2,2022,1,7,807,0,60680939.0,3,0,5,0,0.0,148,C#,Major
3959,ELEVEN,IVE,1,2021,12,1,521,1,247737946.0,17,89,11,0,0.0,120,A,Major
4356,Mood (feat. Iann Dior),"24kgoldn, Iann Dior",2,2020,7,24,12854,0,1699402402.0,237,27,636,0,0.0,91,G,Minor
3215,What Else Can I Do?,"Stephanie Beatriz, Diane Guerrero",2,2021,11,19,802,0,154797871.0,13,27,8,0,0.0,120,E,Major
2457,DANCE CRIP,Trueno,1,2021,11,17,731,0,198883004.0,14,14,24,0,4.0,106,Unknown,Major
4938,Miserable Man,David Kushner,1,2022,1,7,788,0,124407432.0,13,0,32,1,0.0,110,A#,Major
3044,happier,Olivia Rodrigo,1,2021,5,21,3069,4,850608354.0,25,46,105,0,45.0,169,F#,Major
2719,Praise God,Kanye West,1,2021,8,29,4651,0,376333030.0,24,6,105,0,0.0,118,C#,Major
3229,Get Into It (Yuh),Doja Cat,1,2021,6,25,4999,0,516784627.0,43,19,73,12,0.0,92,G#,Minor
3762,Before You Go,Lewis Capaldi,1,2019,11,1,8327,24,1608045237.0,205,130,625,0,25.0,112,D#,Major
4914,Sky,Playboi Carti,1,2020,12,25,3297,3,506778838.0,25,3,52,0,1.0,140,D,Major
2694,Rolling in the Deep,Adele,1,2010,11,29,35684,6,1472799873.0,195,125,6280,2,78.0,105,G#,Major
4273,Sobrio,Maluma,1,2021,7,8,3506,10,513643924.0,103,76,100,1,1.0,178,F,Major
2497,Peru,"Ed Sheeran, Fireboy DML",2,2021,12,23,2999,0,261286503.0,60,17,154,0,22.0,108,G,Minor
2314,favorite crime,Olivia Rodrigo,1,2021,5,21,3681,0,783706581.0,20,21,99,0,7.0,173,A,Major
3698,Thunder,"Prezioso, Gabry Ponte, LUM!X",3,2021,5,7,4846,10,422691058.0,54,16,259,0,13.0,101,C#,Major
2444,The Business,Tiï¿½ï¿,1,2020,1,1,14311,0,1062345656.0,255,32,582,0,14.0,120,G#,Minor
3279,positions,Ariana Grande,1,2020,10,23,8207,0,1252563873.0,175,55,95,0,2.0,144,Unknown,Major
3762,I WANNA BE YOUR SLAVE,Mï¿½ï¿½ne,1,2021,3,19,4873,0,851070493.0,65,88,434,3,13.0,133,C#,Major
2350,Vai Lï¿½ï¿½ Em Casa ,"Marï¿½ï¿½lia Mendonï¿½ï¿½a, George Henrique &",2,2021,10,22,772,0,263894529.0,7,3,89,0,0.0,158,G#,Minor
3513,The Feels,TWICE,1,2021,10,1,1150,0,345903614.0,20,99,44,0,2.0,120,A,Major
2561,HEARTBREAK ANNIVERSARY,Giveon,1,2020,2,21,5398,4,951637566.0,111,127,210,0,37.0,129,Unknown,Major
3815,No Lie,"Sean Paul, Dua Lipa",2,2016,11,18,7370,0,956865266.0,92,127,1219,0,62.0,102,G,Major
3388,OUT OUT (feat. Charli XCX & Saweetie),"Charli XCX, Jax Jones, Joel Corry, Saweetie",4,2021,8,13,6890,0,427486004.0,122,11,201,0,1.0,124,G#,Minor
4304,Pope Is a Rockstar,SALES,1,2016,4,20,1966,0,156658366.0,4,2,50,0,0.0,90,E,Minor
4550,2055,Sleepy hallow,1,2021,4,14,2226,0,624515457.0,29,0,44,0,0.0,161,F#,Minor
4072,Bored,Billie Eilish,1,2017,3,30,4204,0,777765388.0,39,45,250,0,0.0,120,G,Major
3938,Happier Than Ever - Edit,Billie Eilish,1,2021,7,28,1959,0,412795151.0,19,0,38,0,0.0,81,Unknown,Major
2663,Astronaut In The Ocean,Masked Wolf,1,2019,1,1,7191,0,1138474110.0,146,18,478,0,7.0,150,E,Minor
4354,Ley Seca,"Anuel Aa, Jhay Cortez",2,2021,9,2,2012,0,355219175.0,101,12,38,0,0.0,105,G#,Major
2328,Every Summertime,NIKI,1,2021,8,10,1211,2,290228626.0,30,2,5,0,6.0,79,F#,Major
2234,Talking To The Moon,Bruno Mars,1,2010,10,4,7109,2,1062956628.0,5,0,862,0,0.0,146,C#,Minor
3714,you broke me first,Tate McRae,1,2020,4,17,6638,0,1180094974.0,167,19,318,0,1.0,124,E,Major
4518,The Nights,Avicii,1,2014,1,1,17354,8,1456081449.0,92,122,1282,0,55.0,126,F#,Major
4989,Take My Breath,The Weeknd,1,2021,8,6,6392,0,432702334.0,174,73,344,0,0.0,121,G#,Major
2866,Way 2 Sexy (with Future & Young Thug),"Drake, Future, Young Thug",3,2021,9,3,5481,0,489945871.0,144,30,86,0,0.0,136,B,Minor
2433,Cï¿½ï¿½,Rauw Alejandro,1,2021,6,25,2636,3,465959382.0,36,82,39,0,5.0,102,A,Minor
4473,Enemy - from the series Arcane League of Legends,"Imagine Dragons, League of Legends, Arcane",3,2021,10,27,824,0,1223481149.0,8,8,8,2,0.0,77,G,Major
2417,Dance Monkey,Tones and I,1,2019,5,10,24529,0,2864791672.0,533,167,3595,6,0.0,98,F#,Minor
2216,Lucid Dreams,Juice WRLD,1,2017,6,15,14749,0,2288695111.0,188,34,710,0,5.0,84,B,Minor
3028,Quï¿½ï¿½ Mï¿½ï¿,"J Balvin, Maria Becerra",2,2021,1,28,8087,0,720825549.0,92,34,131,0,0.0,102,G#,Major
2954,All of Me,John Legend,1,2013,8,1,27221,0,2086124197.0,308,118,4534,2,77.0,120,G#,Major
2250,Smells Like Teen Spirit - Remastered 2021,Nirvana,1,1991,9,10,49991,9,1690192927.0,265,121,12367,4,160.0,117,C#,Major
4649,Arcade,Duncan Laurence,1,2019,3,7,6646,0,991336132.0,107,47,584,1,0.0,72,A,Minor
2215,Fair Trade (with Travis Scott),"Drake, Travis Scott",2,2021,9,3,5403,6,593917618.0,118,116,96,0,3.0,168,C#,Major
3366,Bar,"Tini, L-Gante",2,2021,11,11,755,4,200972675.0,22,3,0,0,0.0,94,C#,Major
4035,The Rumbling (TV Size),SiM,1,2022,1,10,254,0,71014967.0,0,4,23,0,0.0,145,G#,Major
2912,family ties (with Kendrick Lamar),"Kendrick Lamar, Baby Keem",2,2021,8,27,6308,5,560222750.0,114,15,63,0,2.0,134,C#,Major
2694,Mr. Brightside,The Killers,1,2003,9,23,51979,15,1806617704.0,306,99,5063,2,120.0,148,C#,Major
4657,Blessed-Cursed,ENHYPEN,1,2022,1,10,246,0,77337771.0,2,12,10,0,0.0,127,E,Minor
4281,AM Remix,"J Balvin, Nio Garcia, Bad Bunny",3,2021,6,24,6556,0,528544703.0,93,5,67,1,0.0,172,F#,Minor
2728,Streets,Doja Cat,1,2019,11,7,5728,0,865640097.0,85,87,179,0,12.0,90,B,Major
4437,Shallow,"Lady Gaga, Bradley Cooper",2,2018,9,27,16636,12,2159346687.0,368,155,2854,6,121.0,96,G,Major
3788,Polaroid Love,ENHYPEN,1,2022,1,10,461,0,211372494.0,10,56,17,0,0.0,138,G,Minor
3340,Leave Before You Love Me (with Jonas Brothers),"Marshmello, Jonas Brothers",2,2021,4,28,4893,4,651732901.0,143,24,110,0,70.0,120,G,Major
3790,Permission to Dance,BTS,1,2021,7,9,1801,2,608334048.0,77,134,74,0,2.0,125,A,Major
3725,Friday (feat. Mufasa & Hypeman) - Dopamine Re-Edit,"Riton, Nightcrawlers, Mufasa & Hypeman, Dopamine",4,2021,1,15,12043,0,863756573.0,209,54,710,0,18.0,123,D,Major
3563,RAPSTAR,Polo G,1,2021,4,9,4731,0,797402345.0,141,12,78,0,0.0,81,F#,Major
4126,'Till I Collapse,"Eminem, Nate Dogg",2,2002,5,26,22923,0,1695712020.0,78,46,2515,1,0.0,171,C#,Major
2261,Memories,Maroon 5,1,2019,9,20,9974,2,1759567999.0,272,67,1066,1,19.0,91,B,Major
2835,Se Le Ve,"Arcangel, De La Ghetto, Justin Quiles, Lenny Tavï¿½ï¿½rez, Sech, Dalex, Dimelo Flow, Rich Music",8,2021,8,12,1560,0,223319934.0,72,0,0,0,0.0,84,G,Minor
3622,25k jacket (feat. Lil Baby),"Gunna, Lil Baby",2,2022,1,7,620,0,54937991.0,17,3,3,0,0.0,115,F,Minor
3319,When Iï¿½ï¿½ï¿½m Gone (with Katy ,"Katy Perry, Alesso",2,2021,12,29,3270,0,226897599.0,89,21,65,0,0.0,125,Unknown,Major
2796,Esqueï¿½ï¿½a-Me Se For C,"Marï¿½ï¿½lia Mendonï¿½ï¿½a, Maiara &",2,2021,10,14,580,0,258316038.0,24,92,93,0,0.0,122,F#,Minor
4841,Miï¿½ï¿½n,"Tini, Maria Becerra",2,2021,4,29,3406,16,596152090.0,61,23,70,1,0.0,92,D,Major
4288,Sï¿½ï¿½,"Anuel Aa, Myke Towers, Jhay Cortez",3,2021,11,18,903,0,177129919.0,30,26,15,0,0.0,90,F#,Minor
4688,MAMIII,"Karol G, Becky G",2,2022,2,10,6809,28,716591492.0,151,102,175,5,29.0,94,E,Minor
4348,Still D.R.E.,"Dr. Dre, Snoop Dogg",2,1999,1,1,33966,0,1210599487.0,141,78,6591,1,0.0,93,B,Major
2231,Stay Alive (Prod. SUGA of BTS),Jung Kook,1,2022,2,11,590,5,246376690.0,4,113,20,0,1.0,130,D,Minor
2682,Boyfriend,Dove Cameron,1,2022,2,11,3766,0,496311364.0,76,0,102,0,2.0,180,G,Minor
3530,The Joker And The Queen (feat. Taylor Swift),"Ed Sheeran, Taylor Swift",2,2022,2,11,1430,0,146789379.0,46,1,34,0,0.0,134,Unknown,Major
4514,The Next Episode,"Dr. Dre, Snoop Dogg",2,1999,1,1,31762,0,843309044.0,142,40,5451,1,953.0,95,D#,Minor
2872,Light Switch,Charlie Puth,1,2022,1,19,4049,0,500340342.0,119,6,85,1,1.0,184,F#,Major
3283,City of Gods,"Kanye West, Alicia Keys, Fivio Foreign",3,2022,2,11,2096,0,107255472.0,34,3,30,0,0.0,147,G#,Minor
4025,Brividi,"Mahmood, Blanco",2,2022,2,2,1175,0,135079152.0,34,1,31,0,0.0,123,G,Major
2917,Lost,Frank Ocean,1,2012,1,1,29499,11,822239726.0,124,27,587,0,4.0,123,A#,Minor
4321,In Da Club,50 Cent,1,2002,1,1,30427,7,1202722675.0,235,106,5221,1,35.0,90,F#,Minor
3407,she's all i wanna be,Tate McRae,1,2022,2,4,2711,0,343197054.0,105,12,51,0,12.0,160,D,Minor
4658,Ginseng Strip 2002,Yung Lean,1,2013,8,16,4310,0,240769997.0,13,0,113,1,3.0,115,C#,Major
4005,All For Us - from the HBO Original Series Euphoria,"Labrinth, Zendaya",2,2019,8,4,5342,0,426204830.0,33,123,7,0,4.0,141,D#,Major
2699,Notion,The Rare Occasions,1,2016,8,5,2393,0,421135627.0,22,13,65,0,6.0,160,A,Major
2405,Formula,Labrinth,1,2019,10,4,3444,7,554875730.0,24,85,102,0,1.0,145,B,Major
3389,Mount Everest,Labrinth,1,2019,6,21,5443,0,467727006.0,45,1,80,0,12.0,89,Unknown,Minor
3276,Excuses,"Intense, AP Dhillon, Gurinder Gill",3,2020,7,24,272,4,327498031.0,7,21,2,0,0.0,95,F,Minor
3673,Cigarettes,Juice WRLD,1,2021,12,10,975,0,185408548.0,11,0,10,0,0.0,160,D,Major
4111,"Cayï¿½ï¿½ La Noche (feat. Cruz Cafunï¿½ï¿½, Abhir Hathi, Bejo, EL IMA)","Quevedo, La Pantera, Juseph, Cruz Cafunï¿½ï¿½, Bï¿½ï¿½jo, Abhir Hathi",7,2022,1,14,1034,1,245400167.0,19,5,12,0,0.0,174,F,Minor
4860,California Love - Original Version (Explicit),"Dr. Dre, 2Pac, Roger",3,1995,12,28,18773,0,579395142.0,128,17,1663,0,0.0,92,G,Major
4409,Forgot About Dre,"Eminem, Dr. Dre",2,1999,1,1,19067,0,675039469.0,78,15,1674,0,3.0,134,G#,Major
4446,Down Under (feat. Colin Hay),"Luude, Colin Hay",2,2021,11,19,3541,2,252871192.0,57,13,50,1,7.0,172,B,Minor
4852,Mujeriego,Ryan Castro,1,2021,12,17,1492,0,231996128.0,44,63,91,0,24.0,80,A,Major
2469,HUMBLE.,Kendrick Lamar,1,2017,3,30,33206,1,1929770265.0,284,114,1481,0,5.0,150,C#,Minor
2923,Stan,"Eminem, Dido",2,1999,11,21,17115,0,918915401.0,83,63,4180,0,0.0,80,F#,Minor
3888,Contection,"GODZZ__-, Zakaria",2,2020,1,16,6955,0,1180896317.0,65,45,398,0,1.0,166,A#,Minor
2573,Swim,Chase Atlantic,1,2017,10,4,2742,0,498960285.0,5,1,62,0,0.0,120,G#,Major
4705,A Tu Merced,Bad Bunny,1,2020,2,29,4214,11,685071800.0,21,20,40,0,0.0,92,Unknown,Major
3782,Numb Little Bug,Em Beihold,1,2022,1,28,2026,0,258714692.0,47,3,42,12,6.0,85,G#,Minor
4301,212,"Mainstreet, Chefin",2,2022,1,15,352,0,143139338.0,10,0,39,0,0.0,154,D,Minor
2667,Problemï¿½,"Alvaro Diaz, Rauw Alejandro",2,2021,10,22,1517,0,209768491.0,42,7,15,0,4.0,92,D,Minor
2619,Bussin,"Nicki Minaj, Lil Baby",2,2022,2,11,847,0,64714573.0,25,0,14,0,0.0,140,B,Major
3139,Worst Day,Future,1,2022,2,11,910,0,50746620.0,20,3,24,0,0.0,89,C#,Major
4115,Malvada,Zï¿½ï¿½ Fe,1,2022,1,28,601,0,154119539.0,28,73,64,0,0.0,135,F,Minor
3370,Hrs and Hrs,Muni Long,1,2021,11,19,1800,0,181328253.0,43,36,46,13,4.0,140,G#,Minor
2577,Alien Blues,Vundabar,1,2015,7,24,1930,0,370068639.0,3,0,28,0,1.0,82,D#,Major
4577,Thinking Out Loud,Ed Sheeran,1,2014,1,1,33032,0,2280566092.0,363,129,3895,0,28.0,79,D,Major
3158,Still Don't Know My Name,Labrinth,1,2019,10,4,6332,0,563902868.0,47,116,266,0,0.0,88,F,Major
2595,Christmas Tree,V,1,2021,12,24,509,9,317622165.0,8,106,6,0,8.0,139,F,Major
2370,Mal Feito - Ao Vivo,"Marï¿½ï¿½lia Mendonï¿½ï¿½a, Hugo & G",2,2022,1,14,971,2,291709698.0,35,104,93,1,0.0,124,Unknown,Minor
2280,When I R.I.P.,Labrinth,1,2019,10,4,2578,0,203680270.0,8,67,66,0,0.0,80,G#,Minor
2034,Do We Have A Problem?,"Nicki Minaj, Lil Baby",2,2022,2,4,1064,0,81350745.0,42,1,26,0,0.0,120,C#,Minor
3406,Forever,Labrinth,1,2019,10,4,3618,0,282883169.0,21,86,138,0,2.0,80,E,Minor
2027,Gospel (with Eminem),"Eminem, Dr. Dre",2,2022,2,4,1040,0,64787943.0,8,0,29,0,0.0,117,C#,Major
4442,Seï¿½ï¿½o,"Shawn Mendes, Camila Cabello",2,2019,6,19,15010,2,2484812918.0,453,50,1785,1,8.0,117,A,Minor
3983,NEW MAGIC WAND,"Tyler, The Creator",2,2019,5,16,4708,0,461437791.0,13,7,55,0,1.0,140,F,Minor
3998,Adore You,Harry Styles,1,2019,12,6,13454,1,1439191367.0,246,71,519,2,5.0,99,G#,Major
3405,La Santa,"Daddy Yankee, Bad Bunny",2,2020,2,29,4890,20,759208783.0,52,42,100,0,0.0,93,C#,Major
4909,Something In The Way - Remastered 2021,Nirvana,1,1991,9,24,9514,0,368646862.0,45,27,1197,0,43.0,106,G#,Major
4841,Sweetest Pie,"Dua Lipa, Megan Thee Stallion",2,2022,3,11,3501,0,299634472.0,69,2,51,11,0.0,124,G,Major
3717,Bam Bam (feat. Ed Sheeran),"Camila Cabello, Ed Sheeran",2,2022,3,4,6111,4,756907987.0,185,40,492,9,35.0,95,G#,Major
4466,Una Noche en Medellï¿½,Cris Mj,1,2022,1,21,5415,32,682475162.0,46,16,53,1,2.0,96,A#,Minor
3125,Envolver,Anitta,1,2021,11,11,4673,2,546191065.0,123,113,180,1,4.0,92,E,Minor
3551,Starlight,Dave,1,2022,3,3,1856,3,229473310.0,29,40,31,1,1.0,124,G,Major
4387,Hati-Hati di Jalan,Tulus,1,2022,3,3,200,2,202677468.0,12,4,0,0,0.0,72,F#,Major
3910,"I'm Tired - From ""Euphoria"" An Original HBO Series",Labrinth,1,2022,2,4,1888,0,121913181.0,26,1,58,0,0.0,71,Unknown,Minor
3997,DANï¿½ï¿½A,"Mc Pedrinho, Pedro Sampaio",2,2022,2,1,911,2,208166039.0,45,0,99,1,1.0,135,A,Minor
3445,Yo Voy (feat. Daddy Yankee),Zion & Lennox,1,2004,5,4,2954,2,527033089.0,18,82,0,0,5.0,95,A#,Major
2509,"Residente: Bzrp Music Sessions, Vol. 49","Residente, Bizarrap",2,2022,3,3,461,0,94616487.0,7,11,13,0,0.0,71,C#,Minor
2403,Jordan,Ryan Castro,1,2021,4,30,2844,2,394030335.0,29,2,35,1,0.0,180,A#,Minor
4764,Nail Tech,Jack Harlow,1,2022,2,18,2939,0,193443895.0,42,0,24,0,0.0,150,E,Minor
2838,Chale,Eden Muï¿½ï,1,2022,2,18,695,11,299648208.0,16,41,13,1,1.0,189,G#,Major
3417,DARARI,Treasure,1,2022,2,15,328,0,182978249.0,10,21,7,0,9.0,85,Unknown,Major
4270,Ya No Somos Ni Seremos,Christian Nodal,1,2022,2,18,866,16,319757142.0,27,84,32,7,11.0,140,G,Major
4296,Thinking with My Dick,"Kevin Gates, Juicy J",2,2013,7,16,1550,0,109091573.0,0,0,14,0,0.0,81,Unknown,Major
3628,Freaky Deaky,"Tyga, Doja Cat",2,2022,2,25,1729,0,153240879.0,26,1,19,0,0.0,104,D,Minor
4031,this is what falling in love feels like,JVKE,1,2021,9,3,2005,0,346127840.0,16,5,43,0,7.0,129,B,Major
4768,La Zona,Bad Bunny,1,2020,2,29,1188,0,312622938.0,13,1,15,0,1.0,94,C#,Minor
4061,Bohemian Rhapsody - Remastered 2011,Queen,1,1975,10,31,40112,3,2197010679.0,321,162,5691,8,17.0,71,Unknown,Minor
2780,Hope,XXXTENTACION,1,2018,3,16,3659,0,1200808494.0,11,10,267,0,7.0,146,A,Minor
4264,Levitating,Dua Lipa,1,2020,3,27,9833,0,797196073.0,233,82,531,1,1.0,103,F#,Minor
2646,Wake Me Up - Radio Edit,Avicii,1,2013,1,1,50887,34,1970673297.0,315,160,6284,1,46.0,124,D,Major
2540,"jealousy, jealousy",Olivia Rodrigo,1,2021,5,21,3257,0,665765558.0,10,0,70,0,0.0,164,A#,Minor
3306,Monï¿½ï¿½y so,YEAT,1,2021,9,10,1473,0,263779030.0,2,0,12,0,10.0,138,D,Major
2338,Demasiadas Mujeres,C. Tangana,1,2020,10,8,2226,0,339473453.0,36,2,11,0,14.0,126,A,Minor
3124,Something Just Like This,"The Chainsmokers, Coldplay",2,2017,2,22,23375,21,2204080728.0,336,188,2692,3,30.0,103,B,Minor
4238,Closer,"The Chainsmokers, Halsey",2,2016,5,31,28032,0,2591224264.0,315,159,2179,0,44.0,95,G#,Major
3553,O.O,NMIXX,1,2022,2,22,290,0,135444283.0,9,66,10,0,0.0,200,B,Minor
3879,Somebody That I Used To Know,"Gotye, Kimbra",2,2011,1,1,42798,0,1457139296.0,217,136,6508,1,0.0,129,Unknown,Major
4166,Tom's Diner,"AnnenMayKantereit, Giant Rooks",2,2019,6,28,2605,0,236872197.0,15,48,50,0,3.0,98,F#,Minor
3987,First Class,Jack Harlow,1,2022,4,8,8737,0,694525298.0,163,32,137,15,12.0,107,G#,Major
2942,Plan A,Paulo Londra,1,2022,3,23,1105,0,240661097.0,32,0,19,0,0.0,174,Unknown,Major
4804,Fuera del mercado,Danny Ocean,1,2022,2,17,2499,21,421365166.0,68,24,43,1,0.0,92,G#,Major
4083,X ï¿½ï¿½LTIMA,"Daddy Yankee, Bad Bunny",2,2022,3,25,2697,1,349746291.0,55,3,32,0,0.0,90,G,Major
2020,When You're Gone,Shawn Mendes,1,2022,3,31,2092,0,255120451.0,75,11,44,0,14.0,147,F,Major
3867,In My Head,Lil Tjay,1,2022,4,1,1185,0,190981339.0,21,0,31,0,0.0,143,C#,Major
4413,Wait a Minute!,Willow,1,2015,1,11,11985,0,924193303.0,79,80,250,3,10.0,101,D#,Minor
2541,LOVE DIVE,IVE,1,2022,4,5,753,8,305771063.0,28,124,13,0,1.0,118,C#,Minor
3695,Pantysito,"Feid, Alejo, Robi",3,2022,3,18,2995,0,273005485.0,49,17,30,0,0.0,98,G,Minor
3347,Chance,Paulo Londra,1,2022,4,6,225,0,89566512.0,11,0,7,0,0.0,138,C#,Minor
3215,Cool for the Summer,Demi Lovato,1,2015,1,1,9243,0,677389855.0,155,5,577,0,6.0,114,F,Minor
2089,psychofreak (feat. WILLOW),"Camila Cabello, Willow",2,2022,4,7,918,0,75476209.0,24,0,52,0,0.0,180,G,Minor
3857,Angel Baby,Troye Sivan,1,2021,9,9,1959,9,408843328.0,52,25,32,0,10.0,145,B,Major
3837,Vampiro,"Matuï¿½ï¿½, Wiu, ",3,2022,1,30,540,4,187772591.0,26,3,39,0,0.0,115,G#,Minor
3234,Si Quieren Frontear,"De La Ghetto, Duki, Quevedo",3,2022,3,31,859,0,178512385.0,14,0,11,0,0.0,82,A#,Major
2437,Right On,Lil Baby,1,2022,4,8,1116,0,101780047.0,31,9,15,0,1.0,166,D,Major
2363,Me Arrepentï¿,"Ak4:20, Cris Mj, Pailita",3,2022,3,30,273,2,118381354.0,12,2,4,0,0.0,92,Unknown,Major
2598,That's Hilarious,Charlie Puth,1,2022,4,8,686,2,146363130.0,11,6,12,0,15.0,108,F#,Major
3071,Soy El Unico,Yahritza Y Su Esencia,1,2022,3,25,226,0,126443991.0,5,0,4,0,1.0,84,E,Minor
4979,RUMBATï¿½,Daddy Yankee,1,2022,3,25,1264,0,157990698.0,20,4,52,0,1.0,95,D#,Minor
2024,sentaDONA (Remix) s2,"Luï¿½ï¿½sa Sonza, MC Frog, Dj Gabriel do Borel, Davi K",4,2022,3,17,870,0,176290831.0,32,0,49,0,0.0,135,D#,Minor
2355,Falling,Harry Styles,1,2019,12,13,7556,0,1023187129.0,124,24,254,0,8.0,110,E,Major
3941,Sigue,"Ed Sheeran, J Balvin",2,1996,11,24,1370,0,106933107.0,46,8,60,0,0.0,88,G,Major
4486,Fim de Semana no Rio,teto,1,2022,3,30,315,2,139193812.0,27,2,31,0,0.0,119,C#,Minor
2068,MANIAC,Stray Kids,1,2022,3,18,651,0,212234990.0,6,188,20,0,0.0,120,C#,Major
4087,There's Nothing Holdin' Me Back,Shawn Mendes,1,2016,9,23,12382,0,1714490998.0,229,57,1370,2,71.0,122,D,Major
3713,IDGAF (with blackbear),"Blackbear, BoyWithUke",2,2022,3,18,625,0,197643795.0,10,2,13,0,1.0,98,F,Major
3072,Golden,Harry Styles,1,2019,12,13,8429,1,807015863.0,85,24,200,0,2.0,140,E,Minor
3117,Get Lucky - Radio Edit,"Pharrell Williams, Nile Rodgers, Daft Punk",3,2013,1,1,52898,0,933815613.0,203,1,8215,0,0.0,116,F#,Minor
2844,Ain't Shit,Doja Cat,1,2021,6,25,3436,0,499710590.0,32,6,46,0,1.0,124,D#,Major
2685,"Nobody Like U - From ""Turning Red""","Jordan Fisher, Josh Levi, Finneas O'Connell, 4*TOWN (From Disney and Pixarï¿½ï¿½ï¿½s Turning Red), Topher Ngo, Grayson Vill",6,2022,2,25,918,0,120847157.0,34,39,30,0,0.0,105,A,Minor
2546,Still Life,BIGBANG,1,2022,4,5,181,0,53909146.0,16,14,7,0,0.0,118,G#,Major
2252,Photograph,Ed Sheeran,1,2014,6,20,18778,3,2236667932.0,228,105,2453,0,84.0,108,E,Major
2529,Love Yourself,Justin Bieber,1,2015,11,9,22730,5,2123309722.0,289,87,2430,0,36.0,100,E,Major
2305,N95,Kendrick Lamar,1,2022,5,13,5542,0,301242089.0,52,16,65,0,206.0,140,D#,Minor
3811,About Damn Time,Lizzo,1,2022,4,14,9021,0,723894473.0,242,49,272,21,24.0,109,A#,Minor
2070,Die Hard,"Kendrick Lamar, Blxst, Amanda Reifer",3,2022,5,13,4627,0,237351106.0,38,13,32,0,0.0,101,C#,Minor
2535,Despuï¿½ï¿½s de la P,Bad Bunny,1,2022,5,6,2229,0,461558540.0,27,44,24,0,5.0,78,F,Major
2359,Un Ratito,Bad Bunny,1,2022,5,6,1112,6,417230415.0,7,30,13,1,1.0,93,Unknown,Minor
3717,United In Grief,Kendrick Lamar,1,2022,5,13,2575,0,156898322.0,4,5,12,0,51.0,87,G#,Major
2769,Father Time (feat. Sampha),"Kendrick Lamar, Sampha",2,2022,5,13,3107,0,127309180.0,4,0,22,0,0.0,153,A#,Minor
2168,Yo No Soy Celoso,Bad Bunny,1,2022,5,6,1179,0,313113297.0,7,21,11,0,0.0,142,Unknown,Major
4422,Rich Spirit,Kendrick Lamar,1,2022,5,13,3486,0,173702135.0,20,10,33,0,0.0,96,A#,Minor
2473,Cooped Up (with Roddy Ricch),"Post Malone, Roddy Ricch",2,2022,5,12,2942,0,271666301.0,42,28,43,0,0.0,125,Unknown,Major
2877,Me Fui de Vacaciones,Bad Bunny,1,2022,5,6,1443,0,305650299.0,9,11,22,1,0.0,85,A#,Major
2527,Silent Hill,"Kendrick Lamar, Kodak Black",2,2022,5,13,3028,0,123216717.0,22,0,23,0,0.0,140,C#,Minor
2127,La Corriente,"Tony Dize, Bad Bunny",2,2022,5,6,1796,8,479655659.0,8,25,18,1,0.0,196,B,Minor
3226,Count Me Out,Kendrick Lamar,1,2022,5,13,2729,0,126191104.0,3,7,13,0,1.0,134,G,Major
3201,Andrea,"Buscabulla, Bad Bunny",2,2022,5,6,1195,0,344055883.0,8,30,13,1,1.0,103,C#,Minor
2064,Dos Mil 16,Bad Bunny,1,2022,5,6,892,3,338422004.0,10,24,11,0,0.0,130,C#,Major
2711,We Cry Together,"Kendrick Lamar, Taylour Paige",2,2022,5,13,1635,0,68895644.0,4,1,6,0,0.0,108,B,Major
4087,Savior,"Kendrick Lamar, Sam Dew, Baby Keem",3,2022,5,13,2291,0,86176890.0,9,0,8,0,0.0,123,G#,Major
3498,Un Coco,Bad Bunny,1,2022,5,6,1029,28,403231558.0,5,28,9,0,0.0,152,B,Major
4800,Otro Atardecer,"Bad Bunny, The Marï¿½ï",2,2022,5,6,1681,7,319546754.0,10,30,13,0,33.0,108,D,Major
3987,Worldwide Steppers,Kendrick Lamar,1,2022,5,13,1480,0,61739839.0,1,0,5,0,0.0,72,A#,Minor
4303,Aguacero,Bad Bunny,1,2022,5,6,829,0,283359161.0,4,15,10,0,0.0,121,F#,Minor
2892,Purple Hearts,"Kendrick Lamar, Ghostface Killah, Summer Walker",3,2022,5,13,2308,0,76831876.0,7,0,7,0,0.0,138,D#,Minor
4581,Un Verano Sin Ti,Bad Bunny,1,2022,5,6,1004,1,283332261.0,8,12,9,0,0.0,188,F,Minor
4204,ULTRA SOLO,"Polima WestCoast, Pailita",2,2022,2,14,1367,0,307752576.0,48,4,34,1,0.0,110,C#,Major
4291,Ensï¿½ï¿½ï¿½ï¿½ame ,Bad Bunny,1,2022,5,6,1112,3,279737940.0,7,25,12,0,0.0,105,G#,Major
2688,El Apagï¿½,Bad Bunny,1,2022,5,6,1209,0,212351890.0,9,7,14,0,1.0,118,G#,Major
2242,Callaita,"Bad Bunny, Tainy",2,2019,5,31,9539,15,1304313953.0,162,116,355,7,0.0,176,D,Major
2575,Dua Lipa,Jack Harlow,1,2022,5,6,1992,0,150500965.0,35,0,3,0,0.0,158,B,Major
2759,Agosto,Bad Bunny,1,2022,5,6,897,0,246127838.0,6,20,8,0,0.0,115,C#,Minor
3202,House Of Memories,Panic! At The Disco,1,2016,1,15,2948,0,582863434.0,10,2,150,0,0.0,110,B,Minor
3836,Mr. Morale,"Kendrick Lamar, Tanna Leone",2,2022,5,13,1860,0,58687425.0,1,0,3,0,0.0,174,A,Major
4969,That That (prod. & feat. SUGA of BTS),"PSY, Suga",2,2022,4,29,802,0,212109195.0,16,81,23,0,0.0,130,E,Major
2096,In The Stars,Benson Boone,1,2022,4,29,2224,8,382199619.0,48,40,87,1,210.0,78,A#,Major
2893,Rich - Interlude,Kendrick Lamar,1,2022,5,13,1103,0,41210087.0,0,0,0,0,0.0,104,G,Major
2255,SUPERMODEL,Mï¿½ï¿½ne,1,2022,5,13,2265,0,231657891.0,93,12,173,11,3.0,121,G,Major
2089,Stefania (Kalush Orchestra),KALUSH,1,2022,3,10,555,0,53729194.0,10,4,4,0,0.0,105,D,Major
3026,Thousand Miles,The Kid Laroi,1,2022,4,22,2050,0,244741137.0,52,9,46,0,1.0,81,G,Major
4111,Crown,Kendrick Lamar,1,2022,5,13,1493,0,42485571.0,2,0,10,0,0.0,170,C#,Minor
3568,Auntie Diaries,Kendrick Lamar,1,2022,5,13,1545,0,37778188.0,1,0,4,0,0.0,78,G,Major
4420,PUFFIN ON ZOOTIEZ,Future,1,2022,4,29,2350,0,254218729.0,28,42,23,0,0.0,125,G#,Major
3619,Mirror,Kendrick Lamar,1,2022,5,13,1929,0,53603447.0,2,0,4,0,0.0,92,E,Minor
2595,Beautiful Girl,Luciano,1,2022,4,22,710,4,160035717.0,16,11,18,0,0.0,140,B,Minor
4390,"Paulo Londra: Bzrp Music Sessions, Vol. 23","Bizarrap, Paulo Londra",2,2022,4,25,928,0,164163229.0,19,0,7,0,0.0,96,Unknown,Major
3459,Savior - Interlude,Kendrick Lamar,1,2022,5,13,1194,0,37091576.0,0,0,3,0,0.0,118,F,Minor
2133,Pasoori,"Shae Gill, Ali Sethi",2,2022,2,6,349,6,284249832.0,10,22,3,0,0.0,92,B,Minor
3795,Mother I Sober (feat. Beth Gibbons of Portishead),"Kendrick Lamar, Beth Gibbons",2,2022,5,13,1890,0,33381454.0,3,0,2,0,0.0,140,G#,Minor
4219,TUS Lï¿½ï¿½GR,"Sech, Mora",2,2022,4,1,1308,2,184622518.0,23,16,9,0,5.0,174,C#,Major
2939,Where Did You Go?,"MNEK, Jax Jones",2,2022,1,26,4531,0,300983101.0,135,74,119,1,18.0,127,A#,Major
3215,I Tried to Tell Y'all,"Ugly Dray, Tesla Jnr",2,2022,5,6,1657,0,121077868.0,15,3,3,0,0.0,96,B,Major
3026,Honest (feat. Don Toliver),"Justin Bieber, Don Toliver",2,2022,4,29,1351,0,106919680.0,26,1,17,0,0.0,150,G#,Minor
4555,ZOOM,Jessi,1,2022,4,13,608,0,136996305.0,5,29,14,0,0.0,100,F#,Major
2357,SloMo,Chanel,1,2021,12,24,1211,0,65719930.0,31,0,19,0,2.0,105,C#,Minor
2839,FEARLESS,LE SSERAFIM,1,2022,5,2,629,0,229497852.0,18,75,9,0,0.0,104,G,Major
2643,10 Things I Hate About You,Leah Kate,1,2022,3,23,1301,0,185550869.0,23,1,15,0,0.0,154,G#,Major
3316,SPACE MAN,Sam Ryder,1,2022,2,22,1329,0,54682594.0,42,51,32,0,0.0,80,B,Major
4722,With you,"HA SUNG WOON, Jimin",2,2022,4,24,343,2,240580042.0,4,35,11,1,1.0,150,D#,Major
4170,Iris,The Goo Goo Dolls,1,1998,3,31,13101,9,1284942608.0,137,5,582,0,0.0,156,B,Minor
3716,The Heart Part 5,Kendrick Lamar,1,2022,5,8,2939,0,71423324.0,29,0,30,0,0.0,98,G#,Minor
3264,San Lucas,Kevin Kaarl,1,2019,11,7,407,1,244891912.0,5,0,5,0,0.0,92,G,Major
4372,This Love (Taylorï¿½ï¿½ï¿½s Ve,Taylor Swift,1,2022,5,6,1492,0,132171975.0,26,2,15,0,2.0,144,E,Major
3493,Good Looking,Suki Waterhouse,1,2017,10,20,2264,0,184706613.0,11,6,25,0,1.0,150,E,Major
4709,Flowers,Lauren Spencer Smith,1,2021,8,9,801,0,184826429.0,42,9,24,1,1.0,138,D#,Major
2151,Yet To Come,BTS,1,2022,6,10,829,0,302006641.0,32,110,26,0,0.0,172,C#,Major
2976,Run BTS,BTS,1,2022,6,10,736,0,330881149.0,5,132,17,0,3.0,77,G#,Major
4659,Music For a Sushi Restaurant,Harry Styles,1,2022,5,20,4449,1,334733572.0,80,11,66,0,1.0,107,B,Major
3689,Matilda,Harry Styles,1,2022,5,20,3218,3,366214458.0,29,10,79,0,0.0,114,D,Major
4121,For Youth,BTS,1,2022,6,10,327,0,114546317.0,5,40,12,0,0.0,117,D,Major
4600,Daylight,Harry Styles,1,2022,5,20,2775,0,290833204.0,21,11,40,0,0.0,146,Unknown,Major
3453,Vegas (From the Original Motion Picture Soundtrack ELVIS),Doja Cat,1,2022,5,6,4576,0,448500832.0,79,13,93,0,17.0,160,G#,Minor
2891,Cash In Cash Out,"Pharrell Williams, Tyler, The Creator, 21 Savage",4,2022,6,10,2313,0,136676504.0,34,0,29,0,0.0,120,G,Major
3188,Potion (with Dua Lipa & Young Thug),"Calvin Harris, Dua Lipa, Young Thug",3,2022,5,27,3983,0,190625045.0,73,45,119,0,0.0,100,B,Minor
2327,Born Singer,BTS,1,2022,6,10,279,0,79095270.0,0,18,6,0,0.0,158,G#,Minor
3592,Little Freak,Harry Styles,1,2022,5,20,2302,0,273194684.0,20,3,39,0,0.0,142,D#,Major
3624,La Llevo Al Cielo (Ft. ï¿½ï¿½engo F,"Nengo Flow, Anuel Aa, Chris Jedi, Chencho Corleone",4,2022,5,20,3559,3,333146475.0,36,1,31,0,1.0,170,A,Minor
2790,True Love,"Kanye West, XXXTENTACION",2,2022,5,27,2129,0,194902696.0,23,1,44,1,0.0,84,F,Minor
4588,Satellite,Harry Styles,1,2022,5,20,3291,5,311482393.0,43,28,79,0,208.0,139,Unknown,Major
2582,Pass The Dutchie,Musical Youth,1,1982,1,1,5328,0,195918494.0,54,76,900,0,0.0,151,G,Major
2688,"Villano Antillano: Bzrp Music Sessions, Vol. 51","Bizarrap, Villano Antillano",2,2022,6,8,1401,0,248511839.0,26,16,17,0,1.0,128,C#,Minor
2107,Love Of My Life,Harry Styles,1,2022,5,20,1933,0,233671263.0,13,2,31,0,0.0,118,G,Major
2895,Grapejuice,Harry Styles,1,2022,5,20,1986,0,199587884.0,7,1,15,0,0.0,183,F,Major
2782,So Good,Halsey,1,2022,6,9,1057,0,91781263.0,51,14,19,0,0.0,83,D#,Minor
4506,Belly Dancer,"BYOR, Imanbek",2,2022,2,18,5115,13,383835984.0,109,38,301,1,33.0,122,C#,Major
2873,Keep Driving,Harry Styles,1,2022,5,20,2094,1,236060709.0,8,1,18,0,0.0,165,A,Major
3125,Cinema,Harry Styles,1,2022,5,20,2171,0,189236868.0,18,1,28,0,0.0,106,A,Minor
3887,Die Young (feat. 347aidan),"Sleepy hallow, 347aidan",2,2022,5,25,896,0,160845341.0,19,0,15,0,0.0,77,B,Major
4435,Only Love Can Hurt Like This,Paloma Faith,1,2014,1,1,5148,0,588955257.0,90,22,365,0,114.0,91,G#,Major
3164,Hold My Hand,Lady Gaga,1,2022,5,3,2528,0,238350348.0,63,8,270,2,105.0,148,G,Major
3881,Daydreaming,Harry Styles,1,2022,5,20,1900,1,187703102.0,15,1,23,0,0.0,114,E,Minor
2941,Numb,"Marshmello, Khalid",2,2022,6,10,3879,2,295307001.0,107,76,86,1,9.0,120,Unknown,Minor
4473,Nos Comemos (feat. Ozuna),"Ozuna, Tiago pzk",2,2022,6,2,896,0,138334433.0,0,0,2,0,0.0,92,F#,Major
3537,Me and Your Mama,Childish Gambino,1,2016,11,10,8775,0,445590495.0,33,60,107,1,0.0,118,F,Major
4179,Crazy What Love Can Do,"David Guetta, Ella Henderson, Becky Hill",3,2022,3,18,5290,0,286739476.0,139,73,142,0,5.0,123,E,Minor
4913,SLOW DANCING IN THE DARK,Joji,1,2018,9,12,10211,0,1122364376.0,38,79,65,0,1.0,89,D#,Major
3653,Antes de Perderte,Duki,1,2022,6,2,584,8,157136970.0,12,1,8,0,1.0,110,F,Minor
3485,Boyfriends,Harry Styles,1,2022,5,20,1517,0,137070925.0,26,2,30,0,0.0,118,Unknown,Major
3481,295,Sidhu Moose Wala,1,2021,5,15,246,4,183273246.0,4,106,0,0,7.0,90,B,Minor
3929,Tak Ingin Usai,Keisya Levronka,1,2022,5,13,220,4,184807630.0,16,5,0,0,6.0,130,Unknown,Major
2258,En El Radio Un Cochinero,Victor Cibrian,1,2022,5,13,514,0,164856284.0,5,36,1,0,0.0,154,F#,Minor
3740,Master of Puppets (Remastered),Metallica,1,1986,3,3,6080,0,704171068.0,112,198,406,1,0.0,105,E,Minor
2678,BREAK MY SOUL,Beyoncï¿,1,2022,6,21,9724,0,354614964.0,222,61,259,14,2.0,115,C#,Minor
2226,ULTRA SOLO REMIX,"De La Ghetto, Feid, Polima WestCoast, Paloma Mami, Pailita",5,2022,6,16,2341,0,279717388.0,37,2,38,2,0.0,110,C#,Major
4715,Massive,Drake,1,2022,6,17,5263,0,195628667.0,66,89,61,0,11.0,125,E,Minor
3121,Betty (Get Money),Yung Gravy,1,2022,6,10,2402,0,221752937.0,45,2,26,0,1.0,102,C#,Major
3108,Ojos Marrones,Lasso,1,2022,2,6,795,11,263280370.0,26,18,15,1,4.0,120,G#,Minor
3143,POP!,Nayeon,1,2022,6,24,571,0,213505179.0,19,21,14,0,2.0,97,D,Major
4840,Layla,"Schï¿½ï¿½rze, DJ R",2,2022,3,24,832,3,130419412.0,18,124,24,1,0.0,140,F,Minor
4473,MORE,j-hope,1,2022,7,1,565,0,155795783.0,6,52,11,0,0.0,97,D,Major
4823,Sweet Child O' Mine,Guns N' Roses,1,1987,1,1,41231,1,1553497987.0,228,151,6720,3,99.0,125,F#,Major
3616,Last Last,Burna Boy,1,2022,5,12,4526,12,293466523.0,156,275,150,3,128.0,88,D#,Minor
3445,SNAP,Rosa Linn,1,2022,3,19,1818,0,711366595.0,3,0,63,0,353.0,170,Unknown,Major
2564,Sticky,Drake,1,2022,6,17,2814,0,191448892.0,38,105,25,0,2.0,137,A#,Minor
4849,Hot Shit (feat. Ye & Lil Durk),"Kanye West, Lil Durk, Cardi B",3,2022,7,1,1601,0,85924992.0,11,0,2,0,0.0,157,A,Major
2073,Ai Preto,"L7nnon, DJ Biel do Furduncinho, Bianca",3,2022,6,3,894,4,176103902.0,28,0,54,0,0.0,130,F#,Major
2040,La Loto,"Anitta, Tini, Becky G",3,2022,7,6,945,0,121189256.0,49,3,57,0,0.0,90,C#,Major
3489,die first,Nessa Barrett,1,2022,6,24,767,0,131746175.0,25,0,22,0,0.0,183,G#,Minor
2923,Afraid To Feel,LF System,1,2022,5,2,5898,5,244790012.0,129,55,128,0,101.0,128,C#,Major
2785,Baile no Morro,"Mc Vitin Da Igrejinha, MC Tairon, DJ Win",3,2022,6,10,685,2,129314708.0,17,0,24,0,30.0,130,D#,Minor
2625,cï¿½ï¿½mo dormi,Rels B,1,2022,8,4,1452,35,331511413.0,16,15,20,0,0.0,126,C#,Major
2544,Bad Decisions (with BTS & Snoop Dogg),"Snoop Dogg, BTS, Benny Blanco",3,2022,8,5,1456,0,219196651.0,53,2,33,0,0.0,120,Unknown,Major
2118,STAYING ALIVE (feat. Drake & Lil Baby),"Drake, DJ Khaled, Lil Baby",3,2022,8,5,2107,0,170732845.0,51,1,50,0,0.0,130,E,Minor
3383,Caile,Luar La L,1,2020,12,18,1494,2,273914335.0,17,12,15,0,0.0,122,Unknown,Major
4495,Si Te La Encuentras Por Ahï¿,Feid,1,2022,8,5,1379,4,179061440.0,23,10,18,0,0.0,172,G#,Minor
4186,GIVENCHY,Duki,1,2022,7,20,625,4,185236961.0,13,18,12,0,0.0,103,G#,Major
2074,ALIEN SUPERSTAR,Beyoncï¿,1,2022,7,29,2688,0,171788484.0,39,47,36,0,0.0,122,A#,Minor
4422,Mary On A Cross,Ghost,1,2019,9,13,2668,2,387080183.0,38,266,78,0,141.0,130,B,Major
4348,Attention,NewJeans,1,2022,8,1,799,12,264717480.0,14,141,9,0,1.0,105,A#,Minor
2844,THE SHADE,Rex Orange County,1,2022,3,11,1189,6,244928911.0,17,10,16,0,4.0,120,F,Major
2511,"Come Back Home - From ""Purple Hearts""",Sofia Carson,1,2022,7,12,367,0,97610446.0,28,67,195,0,0.0,145,G,Major
4943,El Rescate,"Grupo Marca Registrada, Junior H",2,2022,7,22,527,4,287278853.0,10,43,3,1,0.0,99,G,Minor
3103,Heartless,Kanye West,1,2008,1,1,17504,34,887906111.0,63,39,1315,0,2.0,88,A#,Minor
3711,"Stay With Me (with Justin Timberlake, Halsey, & Pharrell)","Calvin Harris, Halsey, Pharrell Williams, Justin Timberlake",4,2022,7,15,3113,0,123473120.0,54,6,124,1,0.0,126,A,Major
2232,Siempre Pendientes,"Peso Pluma, Luis R Conriquez",2,2022,8,15,685,5,295152154.0,15,79,4,2,0.0,136,Unknown,Major
3911,JGL,"Luis R Conriquez, La Adictiva",2,2022,2,18,782,9,323455692.0,15,33,6,1,0.0,113,G#,Major
3028,Don't You Worry,"David Guetta, Shakira, Black Eyed Peas",3,2022,6,16,2442,0,240918092.0,81,4,248,1,6.0,132,B,Major
2513,Pipoco,"Melody, Ana Castela, Dj Chris No Beat",3,2022,5,20,1112,4,191873381.0,22,2,65,1,3.0,135,G#,Major
2750,Hold Me Closer,"Elton John, Britney Spears",2,2017,11,10,4967,0,284216603.0,165,10,177,4,73.0,126,Unknown,Major
3965,Forget Me,Lewis Capaldi,1,2022,9,9,2520,4,239411309.0,93,95,84,9,202.0,102,C#,Minor
4183,After LIKE,IVE,1,2022,8,22,767,12,265548837.0,20,129,11,0,12.0,125,Unknown,Major
3548,Bound 2,Kanye West,1,2013,1,1,19806,7,703301727.0,33,11,274,0,0.0,149,C#,Major
4428,B.O.T.A. (Baddest Of Them All) - Edit,"Interplanetary Criminal, Eliza Rose",2,2022,6,15,5153,6,244585109.0,102,53,113,12,0.0,137,Unknown,Major
2421,Talk that Talk,TWICE,1,2022,8,26,615,0,189476119.0,14,77,15,1,2.0,120,D#,Minor
2090,BILLIE EILISH.,Armani White,1,2022,1,20,2537,0,277132266.0,49,1,67,11,1.0,100,C#,Major
2379,Ferxxo 100,Feid,1,2022,6,3,1647,30,278920007.0,20,49,23,2,2.0,164,G#,Minor
4314,KU LO SA - A COLORS SHOW,Oxlade,1,2022,6,10,2019,8,222410722.0,117,72,107,1,7.0,93,A#,Minor
3022,Prohibidox,Feid,1,2022,9,13,1473,12,185392587.0,25,36,25,1,0.0,180,C#,Minor
2684,Static,Steve Lacy,1,2022,7,15,1613,0,202452860.0,21,15,13,0,0.0,79,C#,Major
4327,The Scientist,Coldplay,1,2002,8,5,30992,6,1608164312.0,124,25,7827,1,0.0,146,F,Major
3793,Sparks,Coldplay,1,2000,7,10,10826,4,624101957.0,24,0,805,0,0.0,103,C#,Major
3542,Talk,YEAT,1,2022,9,2,920,0,148461629.0,10,1,8,0,0.0,140,E,Minor
2816,XQ Te Pones Asï¿,"Yandel, Feid",2,2022,9,13,308,0,47093942.0,6,1,6,0,0.0,92,A#,Major
2076,Selfish,PnB Rock,1,2016,6,23,2468,0,380319238.0,15,0,0,0,0.0,102,C#,Minor
4239,Sin Seï¿½ï,"Ovy On The Drums, Quevedo",2,2022,7,22,1097,2,209106362.0,18,10,13,1,1.0,118,B,Minor
3929,Lady Mi Amor,Feid,1,2022,9,13,330,0,53987404.0,3,0,2,0,0.0,93,D,Major
4200,Poland,Lil Yachty,1,2022,6,23,1584,0,115331792.0,38,0,24,0,0.0,150,F,Minor
2428,THE LONELIEST,Mï¿½ï¿½ne,1,2022,10,7,1585,5,225093344.0,78,65,328,1,198.0,130,D,Major
3138,Bye Bye,"Marshmello, Juice WRLD",2,2022,10,14,766,0,84697729.0,16,0,9,0,0.0,83,D#,Minor
4583,BABY OTAKU,"Fran C, Polima WestCoast, Nickoog Clk, Pablito Pesadilla",4,2022,8,18,836,0,159240673.0,14,1,13,0,0.0,102,A,Major
2485,Nxde,(G)I-DLE,1,2022,10,17,430,6,170709584.0,14,116,9,0,11.0,136,E,Minor
2131,Miss You,Southstar,1,1982,5,16,2020,0,154356956.0,77,10,119,0,40.0,145,A,Major
3999,we fell in love in october,girl in red,1,2018,11,21,6858,0,723043854.0,31,21,15,0,4.0,130,G,Major
4080,2 Be Loved (Am I Ready),Lizzo,1,2022,7,14,3682,6,247689123.0,41,0,158,2,68.0,156,G,Major
3441,Celestial,Ed Sheeran,1,2022,9,29,1639,0,176474912.0,86,14,80,0,37.0,123,D,Major
2955,Typa Girl,BLACKPINK,1,2022,9,16,452,10,235549288.0,2,129,13,0,1.0,132,G,Major
4859,I Really Want to Stay at Your House,"Rosa Walton, Hallie Coggins",2,2020,12,18,668,1,140430339.0,0,0,31,0,0.0,125,D#,Minor
4969,California Breeze,Lil Baby,1,2022,10,14,991,0,85559365.0,36,38,13,0,3.0,162,F,Minor
2057,Bamba (feat. Aitch & BIA),"Luciano, Aitch, Bï¿½",3,2022,9,22,869,7,146223492.0,14,12,12,2,28.0,138,A#,Major
4804,Casei Com a Putaria,"MC Ryan SP, Love Funk, Mc Paiva ZS",3,2022,7,1,648,4,187701588.0,0,0,30,0,0.0,161,A#,Minor
2747,Major Distribution,"Drake, 21 Savage",2,2022,11,4,1545,0,154863153.0,22,7,15,0,0.0,131,G#,Minor
3779,Pussy & Millions (feat. Travis Scott),"Drake, Travis Scott, 21 Savage",3,2022,11,4,1930,0,191333656.0,24,8,17,0,1.0,122,E,Minor
2881,Vigilante Shit,Taylor Swift,1,2022,10,21,1948,0,253650850.0,12,9,16,0,0.0,80,E,Minor
2483,Question...?,Taylor Swift,1,2022,10,21,1608,0,223064273.0,10,3,12,0,0.0,109,G,Major
2434,On BS,"Drake, 21 Savage",2,2022,11,4,1338,0,170413877.0,9,20,7,0,0.0,158,A,Major
3772,Mastermind,Taylor Swift,1,2022,10,21,1936,0,218320587.0,7,5,13,0,0.0,126,E,Major
2306,Circo Loco,"Drake, 21 Savage",2,2022,11,4,1794,0,141720999.0,26,9,17,0,3.0,104,C#,Major
3094,Labyrinth,Taylor Swift,1,2022,10,21,1597,0,187339835.0,6,3,15,0,0.0,110,Unknown,Major
4853,Spin Bout U,"Drake, 21 Savage",2,2022,11,4,1652,2,198365537.0,26,52,10,0,95.0,130,G,Major
2997,Sweet Nothing,Taylor Swift,1,2022,10,21,1747,0,186104310.0,9,6,13,0,2.0,177,Unknown,Major
4146,"Would've, Could've, Should've",Taylor Swift,1,2022,10,21,1715,0,177503916.0,4,5,8,0,0.0,158,G,Major
2356,Con La Brisa,"Ludwig Goransson, Foudeqush",2,2022,11,4,486,0,71095708.0,8,1,7,0,0.0,114,D,Minor
4286,Privileged Rappers,"Drake, 21 Savage",2,2022,11,4,1007,0,112436403.0,6,5,3,0,0.0,144,F,Major
4762,The Astronaut,Jin,1,2022,10,28,481,9,203436468.0,10,100,15,1,27.0,125,F,Major
4986,BackOutsideBoyz,Drake,1,2022,11,4,1045,0,93367537.0,8,5,2,0,0.0,142,F,Minor
4172,Broke Boys,"Drake, 21 Savage",2,2022,11,4,1060,0,106249219.0,3,8,5,0,0.0,120,D,Major
2010,The Great War,Taylor Swift,1,2022,10,21,1274,0,181382590.0,1,6,11,0,0.0,96,F,Major
3898,My Mind & Me,Selena Gomez,1,2022,11,3,953,0,91473363.0,61,13,37,1,0.0,144,A,Major
4471,Bigger Than The Whole Sky,Taylor Swift,1,2022,10,21,1180,0,121871870.0,4,0,8,0,0.0,166,F#,Major
4482,A Veces (feat. Feid),"Feid, Paulo Londra",2,2022,11,3,573,0,73513683.0,2,0,7,0,0.0,92,C#,Major
4881,En La De Ella,"Feid, Sech, Jhayco",3,2022,10,20,1320,0,133895612.0,29,26,17,0,0.0,97,C#,Major
3494,Alone,Burna Boy,1,2022,11,4,782,2,96007391.0,27,18,32,1,0.0,90,E,Minor
